35792,TYPE_2,7.2,26761
35793,TYPE_2,7.2,26761
35794,TYPE_2,7.2,26762
35795,TYPE_2,7.2,26762
35796,THREE_PIN_SQUARE,3,26763
35797,THREE_PIN_SQUARE,3,26763
35798,TYPE_2,7.2,26764
35799,TYPE_2,7.2,26765
35800,TYPE_2,7.2,26765
35801,TYPE_2,7.2,26764
35802,TYPE_2,3.6,26768
35803,TYPE_2,7.2,26766
35804,TYPE_2,7.2,26766
35805,TYPE_2,3.6,26767
35806,TYPE_2,3.6,26768
35807,TYPE_2,3.6,26767
35808,TYPE_2,7.2,26769
35809,TYPE_2,7.2,26769
35810,TYPE_2,7.2,26770
35811,TYPE_2,7.2,26770
35812,TYPE_2,7.2,26771
35813,TYPE_2,7.2,26771
35814,TYPE_2,7.2,26773
35815,TYPE_2,7.2,26773
35816,TYPE_2,3.6,26772
35817,TYPE_2,3.6,26772
35818,TYPE_2,7.2,26775
35819,TYPE_2,7.2,26775
35820,TYPE_2,7.2,26774
35821,TYPE_2,7.2,26774
35822,TYPE_2,7.2,26777
35823,TYPE_2,3.6,26777
35824,TYPE_2,7.2,26776
35825,TYPE_2,7.2,26776
35826,THREE_PIN_SQUARE,3,26778
35827,TYPE_2,7.2,26778
35828,TYPE_2,7.2,26779
35829,TYPE_2,7.2,26779
35830,TYPE_2,7.2,26780
35831,TYPE_2,7.2,26780
35832,TYPE_2,3.6,26781
35833,TYPE_2,3.6,26781
35834,TYPE_2,7.2,26782
35835,TYPE_2,7.2,26782
35836,TYPE_2,7.2,26783
35837,TYPE_2,7.2,26783
35838,TYPE_2,7.2,26784
35839,TYPE_2,7.2,26784
35840,THREE_PIN_SQUARE,3,26785
35841,TYPE_2,3.6,26785
35842,TYPE_2,3.6,26786
35843,TYPE_2,3.6,26786
35844,THREE_PIN_SQUARE,3,26787
35845,THREE_PIN_SQUARE,3,26787
35846,TYPE_2,3.6,26796
35847,TYPE_2,3.6,26796
35848,TYPE_2,7.2,26789
35849,THREE_PIN_SQUARE,3,26793
35850,TYPE_2,7.2,26793
35851,THREE_PIN_SQUARE,3,26788
35852,TYPE_2,7.2,26788
35853,THREE_PIN_SQUARE,3,26790
35854,TYPE_2,7.2,26790
35855,THREE_PIN_SQUARE,3,26792
35856,TYPE_2,3.6,26792
35857,THREE_PIN_SQUARE,3,26794
35858,TYPE_2,7.2,26794
35859,THREE_PIN_SQUARE,3,26797
35860,TYPE_2,7.2,26797
35861,TYPE_2,3.6,26795
35862,TYPE_2,3.6,26795
35863,THREE_PIN_SQUARE,3,26791
35864,TYPE_2,7.2,26791
35865,THREE_PIN_SQUARE,3,26789
35866,THREE_PIN_SQUARE,3,26798
35867,TYPE_2,7.2,26798
35868,TYPE_2,7.2,26800
35869,THREE_PIN_SQUARE,3,26802
35870,TYPE_2,3.6,26799
35871,TYPE_2,3.6,26799
35872,THREE_PIN_SQUARE,3,26801
35873,TYPE_2,7.2,26801
35874,THREE_PIN_SQUARE,3,26800
35875,TYPE_2,7.2,26802
35876,TYPE_2,7.2,26804
35877,TYPE_2,7.2,26805
35878,TYPE_2,7.2,26805
35879,TYPE_2,7.2,26804
35880,TYPE_2,7.2,26803
35881,TYPE_2,7.2,26803
35882,TYPE_2,3.6,26807
35883,TYPE_2,3.6,26807
35884,TYPE_2,7.2,26806
35885,TYPE_2,7.2,26806
35886,TYPE_2,3.6,26808
35887,TYPE_2,3.6,26808
35888,TYPE_2,3.6,26809
35889,TYPE_2,3.6,26809
35890,THREE_PIN_SQUARE,3,26813
35891,TYPE_2,3.6,26813
35892,TYPE_2,3.6,26811
35893,TYPE_2,3.6,26811
35894,THREE_PIN_SQUARE,3,26812
35895,TYPE_2,3.6,26812
35896,TYPE_2,3.6,26810
35897,TYPE_2,3.6,26810
35898,THREE_PIN_SQUARE,3,26814
35899,THREE_PIN_SQUARE,3,26816
35900,TYPE_2,3.6,26816
35901,TYPE_2,3.6,26815
35902,TYPE_2,3.6,26814
35903,THREE_PIN_SQUARE,3,26815
35904,THREE_PIN_SQUARE,3,26817
35905,TYPE_2,3.6,26817
35906,TYPE_2,7.2,26818
35907,TYPE_2,7.2,26818
35908,TYPE_2,7.2,26819
35909,TYPE_2,7.2,26819
35910,TYPE_2,7.2,26820
35911,TYPE_2,7.2,26820
35912,TYPE_2,7.2,26821
35913,TYPE_2,7.2,26821
35914,TYPE_2,7.2,26822
35915,TYPE_2,7.2,26822
35916,TYPE_2,7.2,26823
35917,TYPE_2,7.2,26823
35918,TYPE_2,7.2,26824
35919,TYPE_2,7.2,26824
35920,TYPE_2,7.2,26825
35921,TYPE_2,7.2,26825
35922,TYPE_2,7.2,26826
35923,TYPE_2,7.2,26826
35924,TYPE_2,7.2,26827
35925,TYPE_2,7.2,26827
35926,TYPE_2,7.2,26828
35927,TYPE_2,7.2,26829
35928,TYPE_2,7.2,26828
35929,TYPE_2,7.2,26829
35930,TYPE_2,7.2,26830
35931,TYPE_2,7.2,26830
35932,TYPE_2,7.2,26831
35933,TYPE_2,7.2,26831
35934,TYPE_2,7.2,26832
35935,TYPE_2,7.2,26832
35936,TYPE_2,3.6,26833
35937,TYPE_2,3.6,26833
35938,TYPE_2,7.2,26834
35939,TYPE_2,7.2,26834
35940,TYPE_2,3.6,26835
35941,TYPE_2,3.6,26835
35942,TYPE_2,7.2,26836
35943,TYPE_2,7.2,26836
35944,TYPE_2,3.6,26837
35945,TYPE_2,3.6,26837
35946,TYPE_2,3.6,26838
35947,TYPE_2,3.6,26838
35948,TYPE_2,11,26839
35949,TYPE_2,11,26839
35950,TYPE_2,3.6,26840
35951,TYPE_2,3.6,26840
35952,TYPE_2,3.6,26841
35953,TYPE_2,3.6,26841
35954,TYPE_2,3.6,26842
35955,TYPE_2,3.6,26842
35956,TYPE_2,3.6,26843
35957,TYPE_2,3.6,26843
35958,THREE_PIN_SQUARE,3,26844
35959,TYPE_2,7.2,26844
35960,THREE_PIN_SQUARE,3,26846
35961,TYPE_2,7.2,26845
35962,THREE_PIN_SQUARE,3,26848
35963,TYPE_2,7.2,26848
35964,TYPE_2,3.6,26851
35965,TYPE_2,7.2,26846
35966,TYPE_2,3.6,26852
35967,THREE_PIN_SQUARE,3,26845
35968,TYPE_2,7.2,26847
35969,TYPE_2,3.6,26851
35970,TYPE_2,7.2,26849
35971,THREE_PIN_SQUARE,3,26849
35972,TYPE_2,3.6,26850
35973,TYPE_2,3.6,26852
35974,TYPE_2,3.6,26850
35975,THREE_PIN_SQUARE,3,26847
35976,TYPE_2,7.2,26853
35977,TYPE_2,7.2,26856
35978,TYPE_2,7.2,26853
35979,TYPE_2,7.2,26856
35980,TYPE_2,7.2,26861
35981,TYPE_2,7.2,26861
35982,TYPE_2,7.2,26860
35983,TYPE_2,7.2,26860
35984,TYPE_2,7.2,26862
35985,TYPE_2,7.2,26862
35986,TYPE_2,7.2,26854
35987,TYPE_2,7.2,26854
35988,TYPE_2,7.2,26859
35989,TYPE_2,7.2,26859
35990,TYPE_2,7.2,26857
35991,TYPE_2,7.2,26857
35992,TYPE_2,7.2,26855
35993,TYPE_2,7.2,26855
35994,TYPE_2,7.2,26858
35995,TYPE_2,7.2,26858
35996,TYPE_2,7,26872
35997,TYPE_2,7.2,26863
35998,TYPE_2,7,26870
35999,TYPE_2,7.2,26863
36000,TYPE_2,7.2,26871
36001,TYPE_2,7,26868
36002,TYPE_2,7.2,26871
36003,TYPE_2,7.2,26865
36004,TYPE_2,3,26864
36005,TYPE_2,7.2,26865
36006,TYPE_2,7,26866
36007,TYPE_2,7.2,26867
36008,TYPE_2,7.2,26867
36009,TYPE_2,7,26872
36010,TYPE_2,7.2,26869
36011,TYPE_2,7,26870
36012,TYPE_2,7.2,26869
36013,TYPE_2,7,26866
36014,TYPE_2,7,26868
36015,TYPE_2,3,26864
36016,TYPE_2,7,26876
36017,TYPE_2,7,26874
36018,TYPE_2,7,26874
36019,TYPE_2,7,26876
36020,TYPE_2,7.2,26875
36021,TYPE_2,7.2,26875
36022,TYPE_2,7.2,26873
36023,TYPE_2,7.2,26873
36024,TYPE_2,3,26882
36025,TYPE_2,3,26878
36026,TYPE_2,7,26880
36027,TYPE_2,3,26884
36028,TYPE_2,7.2,26883
36029,TYPE_2,7,26886
36030,TYPE_2,3,26878
36031,TYPE_2,7,26880
36032,TYPE_2,3,26884
36033,TYPE_2,7,26886
36034,TYPE_2,3,26882
36035,TYPE_2,7.2,26883
36036,TYPE_2,7.2,26885
36037,TYPE_2,7.2,26885
36038,TYPE_2,7.2,26877
36039,TYPE_2,7.2,26879
36040,TYPE_2,7.2,26881
36041,TYPE_2,7.2,26881
36042,TYPE_2,7.2,26879
36043,TYPE_2,7.2,26877
36044,TYPE_2,7,26890
36045,TYPE_2,7,26892
36046,TYPE_2,7,26887
36047,TYPE_2,7,26894
36048,TYPE_2,7,26890
36049,TYPE_2,7,26892
36050,TYPE_2,7,26887
36051,TYPE_2,7,26894
36052,TYPE_2,7.2,26888
36053,TYPE_2,7.2,26888
36054,TYPE_2,7.2,26891
36055,TYPE_2,7.2,26891
36056,TYPE_2,7.2,26893
36057,TYPE_2,7.2,26893
36058,TYPE_2,7.2,26889
36059,TYPE_2,7.2,26889
36060,TYPE_2,7,26896
36061,TYPE_2,3,26898
36062,TYPE_2,7,26896
36063,TYPE_2,7.2,26897
36064,TYPE_2,7.2,26897
36065,TYPE_2,3,26898
36066,TYPE_2,7.2,26895
36067,TYPE_2,7.2,26895
36068,TYPE_2,7.2,26899
36069,TYPE_2,7,26900
36070,TYPE_2,7.2,26899
36071,TYPE_2,7,26900
36072,TYPE_2,7.2,26901
36073,TYPE_2,7.2,26901
36074,TYPE_2,7,26902
36075,TYPE_2,7,26902
36076,TYPE_2,7.2,26903
36077,TYPE_2,7.2,26903
36078,TYPE_2,7.2,26905
36079,TYPE_2,7,26906
36080,TYPE_2,7.2,26905
36081,TYPE_2,7,26904
36082,TYPE_2,7,26904
36083,TYPE_2,7,26906
36084,TYPE_2,7.2,26907
36085,TYPE_2,7.2,26907
36086,TYPE_2,7,26908
36087,TYPE_2,7,26908
36088,TYPE_2,7,26910
36089,TYPE_2,11,26909
36090,TYPE_2,11,26909
36091,TYPE_2,7,26910
36092,TYPE_2,7.2,26911
36093,TYPE_2,7.2,26911
36094,TYPE_2,3,26912
36095,TYPE_2,3,26912
36096,TYPE_2,7,26914
36097,TYPE_2,7,26914
36098,TYPE_2,7.2,26913
36099,TYPE_2,7.2,26913
36100,TYPE_2,7,26916
36101,TYPE_2,7.2,26915
36102,TYPE_2,7.2,26915
36103,TYPE_2,7,26916
36104,TYPE_2,3.6,26917
36105,TYPE_2,3.6,26917
36106,TYPE_2,7,26918
36107,TYPE_2,7,26918
36108,TYPE_2,7,26920
36109,TYPE_2,7,26920
36110,TYPE_2,11,26919
36111,TYPE_2,11,26919
36112,TYPE_2,7.2,26921
36113,TYPE_2,7.2,26921
36114,TYPE_2,7.2,26925
36115,TYPE_2,7.2,26925
36116,TYPE_2,7.2,26923
36117,TYPE_2,3,26924
36118,TYPE_2,7,26926
36119,TYPE_2,3,26924
36120,TYPE_2,7.2,26923
36121,TYPE_2,7,26926
36122,TYPE_2,7,26922
36123,TYPE_2,7.2,26927
36124,TYPE_2,7.2,26927
36125,TYPE_2,7,26928
36126,TYPE_2,7,26928
36127,TYPE_2,7.2,26929
36128,TYPE_2,7.2,26929
36129,TYPE_2,7,26930
36130,TYPE_2,7,26930
36131,TYPE_2,7.2,26931
36132,TYPE_2,7.2,26931
36133,TYPE_2,7,26932
36134,TYPE_2,7.2,26933
36135,TYPE_2,7.2,26933
36136,TYPE_2,7,26934
36137,TYPE_2,7,26934
36138,TYPE_2,7,26936
36139,TYPE_2,7,26936
36140,TYPE_2,7.2,26935
36141,TYPE_2,7.2,26935
36142,TYPE_2,7.2,26937
36143,TYPE_2,7.2,26937
36144,TYPE_2,7,26938
36145,TYPE_2,7,26938
36146,TYPE_2,7,26940
36147,TYPE_2,7.2,26939
36148,TYPE_2,7.2,26939
36149,TYPE_2,7,26940
36150,TYPE_2,7.2,26941
36151,TYPE_2,7.2,26941
36152,TYPE_2,7,26942
36153,TYPE_2,7,26942
36154,TYPE_2,7,26944
36155,TYPE_2,7,26944
36156,TYPE_2,7.2,26943
36157,TYPE_2,7.2,26943
36158,TYPE_2,7.2,26945
36159,TYPE_2,7.2,26945
36160,TYPE_2,7,26946
36161,TYPE_2,7,26946
36162,TYPE_2,7,26948
36163,TYPE_2,7.2,26947
36164,TYPE_2,7.2,26947
36165,TYPE_2,7,26948
36166,TYPE_2,7.2,26949
36167,TYPE_2,7,26950
36168,TYPE_2,7.2,26949
36169,TYPE_2,7.2,26951
36170,TYPE_2,7.2,26951
36171,TYPE_2,7,26952
36172,TYPE_2,7,26952
36173,TYPE_2,7.2,26953
36174,TYPE_2,7,26954
36175,TYPE_2,7.2,26953
36176,TYPE_2,7,26954
36177,THREE_PIN_SQUARE,3,26955
36178,TYPE_2,7.2,26955
36179,TYPE_2,7,26956
36180,TYPE_2,7,26956
36181,TYPE_2,7.2,26957
36182,TYPE_2,7.2,26957
36183,TYPE_2,7,26958
36184,TYPE_2,7,26958
36185,TYPE_2,7.2,26959
36186,TYPE_2,7.2,26959
36187,TYPE_2,7,26960
36188,TYPE_2,7,26960
36189,TYPE_2,7.2,26961
36190,TYPE_2,7.2,26961
36191,TYPE_2,7,26962
36192,TYPE_2,7,26962
36193,TYPE_2,7.2,26963
36194,TYPE_2,7.2,26963
36195,TYPE_2,7,26964
36196,TYPE_2,7,26964
36197,TYPE_2,11,26965
36198,TYPE_2,11,26965
36199,TYPE_2,22,26966
36200,TYPE_2,3.6,26967
36201,TYPE_2,7,26968
36202,TYPE_2,3.6,26967
36203,TYPE_2,7,26968
36204,TYPE_2,3.6,26969
36205,TYPE_2,3.6,26969
36206,TYPE_2,7,26970
36207,TYPE_2,7,26970
36208,TYPE_2,43,26972
36209,TYPE_2,3.6,26971
36210,CHADEMO,50,26972
36211,TYPE_2,3.6,26971
36212,CCS,50,26972
36213,TYPE_2,3.6,26975
36214,TYPE_2,3.6,26975
36215,TYPE_2,7,26976
36216,TYPE_2,7,26976
36217,TYPE_2,3.6,26973
36218,TYPE_2,3.6,26973
36219,TYPE_2,7,26974
36220,TYPE_2,7,26974
36221,TYPE_2,3.6,26981
36222,TYPE_2,3.6,26981
36223,TYPE_2,3.6,26985
36224,TYPE_2,3.6,26985
36225,TYPE_2,3.6,26979
36226,TYPE_2,3.6,26979
36227,TYPE_2,7,26978
36228,TYPE_2,7,26978
36229,TYPE_2,3.6,26983
36230,TYPE_2,3.6,26983
36231,TYPE_2,3.6,26977
36232,TYPE_2,3.6,26977
36233,TYPE_2,22,26982
36234,TYPE_2,43,26984
36235,CCS,50,26984
36236,CHADEMO,50,26984
36237,TYPE_2,7,26980
36238,TYPE_2,7,26980
36239,TYPE_2,7,26986
36240,TYPE_2,7,26986
36241,TYPE_2,3.6,26987
36242,TYPE_2,3.6,26987
36243,TYPE_2,3.6,26989
36244,TYPE_2,3.6,26989
36245,TYPE_2,43,26988
36246,CHADEMO,50,26988
36247,CCS,50,26988
36248,TYPE_2,7,26990
36249,TYPE_2,3.6,26991
36250,TYPE_2,3.6,26991
36251,TYPE_2,7,26994
36252,TYPE_2,3.6,26993
36253,TYPE_2,7,26992
36254,TYPE_2,3.6,26993
36255,TYPE_2,7,26994
36256,TYPE_2,7,26996
36257,TYPE_2,7,26996
36258,TYPE_2,3.6,26995
36259,TYPE_2,3.6,26995
36260,TYPE_2,3.6,26999
36261,TYPE_2,43,27000
36262,TYPE_2,3.6,26999
36263,CHADEMO,50,27000
36264,CCS,50,27000
36265,CHADEMO,50,26998
36266,TYPE_2,43,26998
36267,TYPE_2,3.6,26997
36268,CCS,50,26998
36269,TYPE_2,3.6,26997
36270,TYPE_2,3.6,27001
36271,TYPE_2,7.2,27009
36272,TYPE_2,3.6,27001
36273,TYPE_2,7,27010
36274,TYPE_2,3.6,27005
36275,TYPE_2,3.6,27005
36276,TYPE_2,11,27007
36277,TYPE_2,11,27007
36278,TYPE_2,3.6,27003
36279,TYPE_2,3.6,27003
36280,TYPE_2,7,27004
36281,TYPE_2,7.2,27009
36282,TYPE_2,7,27004
36283,TYPE_2,7,27006
36284,TYPE_2,7,27006
36285,TYPE_2,7,27002
36286,TYPE_2,7,27002
36287,TYPE_2,22,27008
36288,TYPE_2,22,27008
36289,TYPE_2,7.2,27011
36290,TYPE_2,7.2,27013
36291,TYPE_2,11,27014
36292,TYPE_2,7.2,27011
36293,TYPE_2,7.2,27013
36294,TYPE_2,11,27014
36295,TYPE_2,7,27012
36296,TYPE_2,7.2,27017
36297,TYPE_2,7.2,27017
36298,TYPE_2,11,27016
36299,TYPE_2,11,27015
36300,TYPE_2,11,27015
36301,TYPE_2,11,27016
36302,TYPE_2,7.2,27019
36303,TYPE_2,7.2,27019
36304,TYPE_2,7.2,27018
36305,TYPE_2,7.2,27018
36306,TYPE_2,7.2,27020
36307,TYPE_2,7.2,27020
36308,TYPE_2,7.2,27022
36309,TYPE_2,7.2,27022
36310,TYPE_2,7.2,27021
36311,TYPE_2,7.2,27021
36312,TYPE_2,7.2,27023
36313,TYPE_2,7.2,27023
36314,TYPE_2,3.6,27024
36315,TYPE_2,3.6,27024
36316,TYPE_2,3.6,27027
36317,TYPE_2,3.6,27027
36318,TYPE_2,3.6,27026
36319,TYPE_2,3.6,27025
36320,TYPE_2,3.6,27026
36321,TYPE_2,3.6,27025
36322,TYPE_2,3.6,27028
36323,TYPE_2,3.6,27028
36324,TYPE_2,3.6,27029
36325,TYPE_2,3.6,27029
36326,TYPE_2,3.6,27030
36327,TYPE_2,3.6,27030
36328,TYPE_2,7.2,27032
36329,TYPE_2,7.2,27031
36330,TYPE_2,7.2,27032
36331,TYPE_2,7.2,27031
36332,TYPE_2,7.2,27034
36333,TYPE_2,7.2,27034
36334,TYPE_2,7.2,27033
36335,TYPE_2,7.2,27033
36336,TYPE_2,7.2,27035
36337,TYPE_2,7.2,27035
36338,TYPE_2,7.2,27036
36339,TYPE_2,7.2,27036
36340,TYPE_2,7.2,27037
36341,TYPE_2,7.2,27037
36342,TYPE_2,7.2,27038
36343,TYPE_2,7.2,27038
36344,TYPE_2,7.2,27039
36345,TYPE_2,7.2,27041
36346,TYPE_2,7.2,27041
36347,TYPE_2,7.2,27040
36348,TYPE_2,7.2,27040
36349,TYPE_2,7.2,27039
36350,TYPE_2,7.2,27042
36351,TYPE_2,7.2,27042
36352,TYPE_2,7.2,27044
36353,TYPE_2,7.2,27044
36354,TYPE_2,3.6,27043
36355,TYPE_2,7.2,27043
36356,TYPE_2,7.2,27045
36357,TYPE_2,7.2,27045
36358,TYPE_2,7.2,27046
36359,DC_COMBO_TYPE_2,50,27047
36360,TYPE_2,43,27047
36361,TYPE_2,7.2,27046
36362,CHADEMO,50,27047
36363,DC_COMBO_TYPE_2,50,27048
36364,CHADEMO,50,27048
36365,TYPE_2,43,27048
36366,CHADEMO,50,27049
36367,TYPE_2,43,27049
36368,DC_COMBO_TYPE_2,50,27049
36369,TYPE_2,7.2,27051
36370,CHADEMO,50,27050
36371,TYPE_2,43,27050
36372,DC_COMBO_TYPE_2,50,27050
36373,TYPE_2,7.2,27051
36374,CHADEMO,50,27052
36375,TYPE_2,43,27052
36376,DC_COMBO_TYPE_2,50,27052
36377,THREE_PIN_SQUARE,3,27055
36378,TYPE_2,7.2,27055
36379,CHADEMO,50,27054
36380,TYPE_2,43,27054
36381,DC_COMBO_TYPE_2,50,27054
36382,THREE_PIN_SQUARE,3,27053
36383,TYPE_2,7.2,27053
36384,TYPE_2,43,27056
36385,DC_COMBO_TYPE_2,50,27056
36386,CHADEMO,50,27056
36387,THREE_PIN_SQUARE,3,27057
36388,TYPE_2,7.2,27057
36389,THREE_PIN_SQUARE,3,27059
36390,THREE_PIN_SQUARE,3,27059
36391,CHADEMO,50,27058
36392,DC_COMBO_TYPE_2,50,27058
36393,TYPE_2,43,27058
36394,TYPE_2,7.2,27060
36395,TYPE_2,7.2,27060
36396,TYPE_2,7.2,27061
36397,TYPE_2,7.2,27061
36398,TYPE_2,7.2,27062
36399,TYPE_2,7.2,27062
36400,TYPE_2,3.6,27063
36401,TYPE_2,3.6,27063
36402,TYPE_2,3.6,27064
36403,TYPE_2,3.6,27064
36404,THREE_PIN_SQUARE,3,27065
36405,THREE_PIN_SQUARE,3,27065
36406,DC_COMBO_TYPE_2,50,27066
36407,CHADEMO,50,27066
36408,TYPE_2,43,27066
36409,THREE_PIN_SQUARE,3,27067
36410,TYPE_2,7.2,27067
36411,DC_COMBO_TYPE_2,50,27068
36412,CHADEMO,50,27068
36413,TYPE_2,43,27068
36414,THREE_PIN_SQUARE,3,27069
36415,TYPE_2,7.2,27069
36416,DC_COMBO_TYPE_2,50,27072
36417,CHADEMO,50,27072
36418,TYPE_2,43,27072
36419,DC_COMBO_TYPE_2,50,27070
36420,CHADEMO,50,27070
36421,TYPE_2,43,27070
36422,TYPE_2,3.6,27071
36423,TYPE_2,3.6,27071
36424,TYPE_2,7.2,27074
36425,TYPE_2,7.2,27076
36426,THREE_PIN_SQUARE,3,27075
36427,TYPE_2,7.2,27075
36428,THREE_PIN_SQUARE,3,27073
36429,THREE_PIN_SQUARE,3,27073
36430,TYPE_2,7.2,27092
36431,TYPE_2,7.2,27084
36432,TYPE_2,7.2,27078
36433,TYPE_2,7.2,27082
36434,TYPE_2,7.2,27086
36435,TYPE_2,7.2,27088
36436,TYPE_2,7.2,27090
36437,TYPE_2,7.2,27080
36438,THREE_PIN_SQUARE,3,27087
36439,THREE_PIN_SQUARE,3,27085
36440,THREE_PIN_SQUARE,3,27087
36441,THREE_PIN_SQUARE,3,27085
36442,TYPE_2,7.2,27077
36443,THREE_PIN_SQUARE,3,27089
36444,TYPE_2,7.2,27091
36445,TYPE_2,3.6,27081
36446,THREE_PIN_SQUARE,3,27091
36447,TYPE_2,3.6,27081
36448,THREE_PIN_SQUARE,3,27083
36449,THREE_PIN_SQUARE,3,27083
36450,TYPE_2,7.2,27089
36451,THREE_PIN_SQUARE,3,27077
36452,THREE_PIN_SQUARE,3,27093
36453,THREE_PIN_SQUARE,3,27093
36454,THREE_PIN_SQUARE,3,27079
36455,THREE_PIN_SQUARE,3,27079
36456,TYPE_2,7.2,27094
36457,TYPE_2,7.2,27098
36458,TYPE_2,7.2,27104
36459,TYPE_2,3.6,27098
36460,TYPE_2,3.6,27104
36461,TYPE_2,7.4,27096
36462,TYPE_2,7.2,27102
36463,TYPE_2,3.6,27102
36464,TYPE_2,7.2,27106
36465,TYPE_2,3.6,27106
36466,TYPE_2,7.2,27100
36467,TYPE_2,3.6,27100
36468,TYPE_2,3.7,27108
36469,TYPE_2,7.2,27109
36470,TYPE_2,7.2,27109
36471,THREE_PIN_SQUARE,3,27095
36472,TYPE_2,3.6,27097
36473,TYPE_2,3.6,27099
36474,TYPE_2,7.2,27107
36475,TYPE_2,7.2,27103
36476,TYPE_2,7.2,27105
36477,THREE_PIN_SQUARE,3,27101
36478,TYPE_2,7.2,26760
36479,THREE_PIN_SQUARE,3,27095
36480,TYPE_2,3.6,27097
36481,TYPE_2,3.6,27099
36482,TYPE_2,7.2,27107
36483,TYPE_2,7.2,27103
36484,TYPE_2,7.2,27105
36485,TYPE_2,7.2,27101
36486,TYPE_2,7.2,26760
36487,TYPE_2,7.2,27113
36488,TYPE_2,7.2,27113
36489,TYPE_2,7.2,27111
36490,TYPE_2,7.2,27114
36491,TYPE_2,3.6,27115
36492,TYPE_2,7.2,27112
36493,TYPE_2,3.6,27117
36494,TYPE_2,3.6,27116
36495,TYPE_2,3.6,27114
36496,TYPE_2,7.2,27110
36497,TYPE_2,7.2,27110
36498,TYPE_2,3.6,27118
36499,TYPE_2,3.6,27116
36500,TYPE_2,3.6,27118
36501,TYPE_2,7.2,27111
36502,TYPE_2,3.6,27115
36503,TYPE_2,3.6,27117
36504,TYPE_2,7.2,27112
36505,TYPE_2,3.6,27120
36506,TYPE_2,3.6,27120
36507,TYPE_2,3.6,27119
36508,TYPE_2,3.6,27119
36509,TYPE_2,3.6,27121
36510,TYPE_2,3.6,27121
36511,TYPE_2,3.6,27122
36512,TYPE_2,3.6,27122
36513,TYPE_2,3.6,27125
36514,TYPE_2,3.6,27125
36515,TYPE_2,3.6,27123
36516,TYPE_2,3.6,27123
36517,TYPE_2,7.2,27124
36518,TYPE_2,7.2,27124
36519,TYPE_2,3.6,27126
36520,TYPE_2,3.6,27127
36521,TYPE_2,3.6,27127
36522,TYPE_2,3.6,27126
36523,TYPE_2,3.6,27128
36524,TYPE_2,3.6,27128
36525,TYPE_2,7.2,27130
36526,TYPE_2,7.2,27130
36527,TYPE_2,7.2,27129
36528,TYPE_2,7.2,27129
36529,TYPE_2,7.2,27131
36530,TYPE_2,7.2,27131
36531,TYPE_2,7.2,27132
36532,TYPE_2,7.2,27132
36533,TYPE_2,7.2,27134
36534,TYPE_2,7.2,27134
36535,TYPE_2,7.2,27133
36536,TYPE_2,7.2,27133
36537,TYPE_2,7.2,27135
36538,TYPE_2,7.2,27136
36539,TYPE_2,7.2,27136
36540,TYPE_2,7.2,27135
36541,TYPE_2,7.2,27138
36542,TYPE_2,7.2,27138
36543,TYPE_2,7.2,27137
36544,TYPE_2,7.2,27137
36545,TYPE_2,7.2,27139
36546,TYPE_2,7.2,27139
36547,DC_COMBO_TYPE_2,50,27140
36548,CHADEMO,50,27140
36549,TYPE_2,43,27140
36550,DC_COMBO_TYPE_2,50,27142
36551,TYPE_2,43,27142
36552,CHADEMO,50,27142
36553,DC_COMBO_TYPE_2,50,27143
36554,TYPE_2,43,27143
36555,CHADEMO,50,27141
36556,TYPE_2,43,27141
36557,CHADEMO,50,27143
36558,DC_COMBO_TYPE_2,50,27141
36559,DC_COMBO_TYPE_2,50,27144
36560,TYPE_2,43,27144
36561,CHADEMO,50,27144
36562,DC_COMBO_TYPE_2,50,27145
36563,CHADEMO,50,27145
36564,TYPE_2,43,27145
36565,DC_COMBO_TYPE_2,50,27146
36566,CHADEMO,50,27146
36567,TYPE_2,43,27146
36568,DC_COMBO_TYPE_2,50,27147
36569,CHADEMO,50,27147
36570,TYPE_2,43,27147
36571,TYPE_2,7.2,27148
36572,TYPE_2,7.2,27148
36573,TYPE_2,7.2,27149
36574,TYPE_2,7.2,27149
36575,TYPE_2,7.2,27150
36576,TYPE_2,7.2,27150
36577,TYPE_2,7.2,27151
36578,TYPE_2,7.2,27151
36579,TYPE_2,7.2,27152
36580,TYPE_2,7.2,27152
36581,TYPE_2,3.6,27153
36582,TYPE_2,3.6,27153
36583,TYPE_2,3.6,27154
36584,TYPE_2,3.6,27154
36585,TYPE_2,3.6,27155
36586,TYPE_2,3.6,27155
36587,TYPE_2,7.2,27156
36588,TYPE_2,7.2,27156
36589,TYPE_2,7.2,27157
36590,TYPE_2,7.2,27157
36591,TYPE_2,7.2,27158
36592,TYPE_2,7.2,27158
36593,DC_COMBO_TYPE_2,50,27159
36594,CHADEMO,50,27159
36595,TYPE_2,43,27159
36596,DC_COMBO_TYPE_2,50,27160
36597,CHADEMO,50,27160
36598,TYPE_2,43,27160
36599,TYPE_2,7.2,27162
36600,TYPE_2,7.2,27163
36601,TYPE_2,7.2,27163
36602,TYPE_2,7.2,27161
36603,TYPE_2,7.2,27161
36604,TYPE_2,7.2,27162
36605,TYPE_2,7.2,27164
36606,TYPE_2,7.2,27164
36607,TYPE_2,7.2,27167
36608,TYPE_2,7.2,27167
36609,TYPE_2,7.2,27166
36610,TYPE_2,7.2,27166
36611,TYPE_2,7.2,27165
36612,TYPE_2,7.2,27165
36613,CHADEMO,50,27174
36614,TYPE_2,43,27174
36615,CHADEMO,50,27179
36616,TYPE_2,43,27179
36617,TYPE_2,7.2,27168
36618,TYPE_2,7.2,27168
36619,DC_COMBO_TYPE_2,50,27179
36620,TYPE_2,43,27173
36621,CHADEMO,50,27173
36622,CHADEMO,50,27170
36623,TYPE_2,43,27170
36624,DC_COMBO_TYPE_2,50,27170
36625,DC_COMBO_TYPE_2,50,27175
36626,TYPE_2,43,27175
36627,CHADEMO,50,27175
36628,DC_COMBO_TYPE_2,50,27174
36629,DC_COMBO_TYPE_2,50,27171
36630,CHADEMO,50,27171
36631,TYPE_2,43,27171
36632,DC_COMBO_TYPE_2,50,27178
36633,CHADEMO,50,27178
36634,TYPE_2,43,27178
36635,DC_COMBO_TYPE_2,50,27173
36636,CHADEMO,50,27176
36637,CHADEMO,50,27172
36638,DC_COMBO_TYPE_2,50,27172
36639,TYPE_2,43,27172
36640,TYPE_2,43,27176
36641,DC_COMBO_TYPE_2,50,27176
36642,CHADEMO,50,27177
36643,TYPE_2,43,27177
36644,DC_COMBO_TYPE_2,50,27177
36645,DC_COMBO_TYPE_2,50,27169
36646,CHADEMO,50,27169
36647,TYPE_2,43,27169
36648,DC_COMBO_TYPE_2,50,27181
36649,DC_COMBO_TYPE_2,50,27183
36650,CHADEMO,50,27181
36651,CHADEMO,50,27183
36652,TYPE_2,43,27181
36653,TYPE_2,7.2,27185
36654,TYPE_2,3.6,27185
36655,TYPE_2,43,27183
36656,TYPE_2,3.6,27184
36657,TYPE_2,7.2,27184
36658,TYPE_2,43,27182
36659,CHADEMO,50,27182
36660,DC_COMBO_TYPE_2,50,27180
36661,TYPE_2,7.2,27188
36662,TYPE_2,43,27180
36663,CHADEMO,50,27180
36664,TYPE_2,7.2,27186
36665,TYPE_2,7.2,27189
36666,TYPE_2,7.2,27187
36667,DC_COMBO_TYPE_2,50,27182
36668,DC_COMBO_TYPE_2,50,27192
36669,CHADEMO,50,27192
36670,TYPE_2,43,27192
36671,CHADEMO,50,27191
36672,TYPE_2,43,27190
36673,DC_COMBO_TYPE_2,50,27191
36674,TYPE_2,43,27191
36675,DC_COMBO_TYPE_2,50,27190
36676,CHADEMO,50,27190
36677,DC_COMBO_TYPE_2,50,27193
36678,CHADEMO,50,27193
36679,TYPE_2,43,27193
36680,DC_COMBO_TYPE_2,50,27194
36681,CHADEMO,50,27194
36682,TYPE_2,43,27194
36683,DC_COMBO_TYPE_2,50,27195
36684,CHADEMO,50,27195
36685,TYPE_2,43,27195
36686,DC_COMBO_TYPE_2,50,27196
36687,CHADEMO,50,27196
36688,DC_COMBO_TYPE_2,50,27197
36689,CHADEMO,50,27197
36690,TYPE_2,43,27197
36691,TYPE_2,43,27196
36692,DC_COMBO_TYPE_2,50,27198
36693,TYPE_2,43,27198
36694,CHADEMO,50,27198
36695,TYPE_2,43,27200
36696,DC_COMBO_TYPE_2,50,27199
36697,CHADEMO,50,27199
36698,TYPE_2,43,27199
36699,DC_COMBO_TYPE_2,50,27200
36700,CHADEMO,50,27200
36701,CHADEMO,50,27201
36702,DC_COMBO_TYPE_2,50,27201
36703,TYPE_2,43,27201
36704,DC_COMBO_TYPE_2,50,27202
36705,TYPE_2,43,27202
36706,CHADEMO,50,27202
36707,TYPE_2,43,27203
36708,CHADEMO,50,27203
36709,DC_COMBO_TYPE_2,50,27203
36710,DC_COMBO_TYPE_2,50,27204
36711,TYPE_2,43,27204
36712,CHADEMO,50,27204
36713,DC_COMBO_TYPE_2,50,27205
36714,CHADEMO,50,27205
36715,TYPE_2,43,27205
36716,DC_COMBO_TYPE_2,50,27206
36717,CHADEMO,50,27206
36718,TYPE_2,43,27206
36719,DC_COMBO_TYPE_2,50,27207
36720,CHADEMO,50,27207
36721,TYPE_2,43,27207
36722,TYPE_2,7.2,27209
36723,TYPE_2,7.2,27209
36724,TYPE_2,7.2,27208
36725,TYPE_2,7.2,27208
36726,TYPE_2,3.6,27210
36727,TYPE_2,3.6,27210
36728,TYPE_2,7.2,27211
36729,TYPE_2,7.2,27211
36730,TYPE_2,7.2,27212
36731,TYPE_2,7.2,27212
36732,TYPE_2,7.2,27213
36733,TYPE_2,7.2,27213
36734,TYPE_2,7.2,27214
36735,TYPE_2,7.2,27214
36736,TYPE_2,7.2,27215
36737,TYPE_2,7.2,27215
36738,TYPE_2,22,27216
36739,TYPE_2,22,27216
36740,TYPE_2,7.2,27217
36741,TYPE_2,7.2,27217
36742,TYPE_2,7.2,27218
36743,TYPE_2,7.2,27218
36744,TYPE_2,7.2,27219
36745,TYPE_2,7.2,27219
36746,TYPE_2,7.2,27220
36747,TYPE_2,7.2,27220
36748,TYPE_2,7.2,27221
36749,TYPE_2,7.2,27221
36750,TYPE_2,7.2,27222
36751,TYPE_2,7.2,27222
36752,TYPE_2,7.2,27223
36753,TYPE_2,7.2,27223
36754,TYPE_2,7.2,27224
36755,TYPE_2,7.2,27224
36756,TYPE_2,3.6,27225
36757,TYPE_2,3.6,27225
36758,TYPE_2,7.2,27227
36759,TYPE_2,7.2,27227
36760,TYPE_2,3.6,27226
36761,TYPE_2,3.6,27226
36762,TYPE_2,7.2,27232
36763,TYPE_2,7.2,27232
36764,TYPE_2,7.2,27233
36765,TYPE_2,7.2,27229
36766,TYPE_2,7.2,27234
36767,TYPE_2,3.6,27235
36768,TYPE_2,7.2,27231
36769,TYPE_2,7.2,27230
36770,TYPE_2,7.2,27228
36771,TYPE_2,7.2,27233
36772,TYPE_2,7.2,27229
36773,TYPE_2,7.2,27231
36774,TYPE_2,7.2,27234
36775,TYPE_2,7.2,27228
36776,TYPE_2,3.6,27235
36777,TYPE_2,7.2,27230
36778,TYPE_2,7.2,27239
36779,TYPE_2,7.2,27239
36780,TYPE_2,3.6,27236
36781,TYPE_2,3.6,27236
36782,TYPE_2,7.2,27238
36783,TYPE_2,3.6,27237
36784,TYPE_2,7.2,27238
36785,TYPE_2,3.6,27237
36786,DC_COMBO_TYPE_2,50,27240
36787,CHADEMO,50,27240
36788,TYPE_2,43,27240
36789,DC_COMBO_TYPE_2,50,27241
36790,CHADEMO,50,27241
36791,TYPE_2,43,27241
36792,DC_COMBO_TYPE_2,50,27242
36793,TYPE_2,43,27242
36794,CHADEMO,50,27242
36795,CHADEMO,50,27243
36796,DC_COMBO_TYPE_2,50,27243
36797,TYPE_2,43,27243
36798,DC_COMBO_TYPE_2,50,27244
36799,CHADEMO,50,27244
36800,TYPE_2,43,27244
36801,CHADEMO,50,27246
36802,DC_COMBO_TYPE_2,50,27245
36803,CHADEMO,50,27245
36804,DC_COMBO_TYPE_2,50,27246
36805,TYPE_2,43,27245
36806,TYPE_2,43,27246
36807,CHADEMO,50,27247
36808,TYPE_2,43,27247
36809,DC_COMBO_TYPE_2,50,27247
36810,DC_COMBO_TYPE_2,50,27248
36811,CHADEMO,50,27248
36812,TYPE_2,43,27248
36813,DC_COMBO_TYPE_2,50,27250
36814,CHADEMO,50,27250
36815,TYPE_2,43,27250
36816,DC_COMBO_TYPE_2,50,27251
36817,CHADEMO,50,27251
36818,TYPE_2,43,27251
36819,DC_COMBO_TYPE_2,50,27249
36820,CHADEMO,50,27249
36821,TYPE_2,43,27249
36822,DC_COMBO_TYPE_2,50,27252
36823,CHADEMO,50,27252
36824,TYPE_2,43,27252
36825,TYPE_2,43,27254
36826,DC_COMBO_TYPE_2,50,27255
36827,CHADEMO,50,27255
36828,CHADEMO,50,27254
36829,DC_COMBO_TYPE_2,50,27254
36830,TYPE_2,43,27255
36831,DC_COMBO_TYPE_2,50,27253
36832,CHADEMO,50,27253
36833,TYPE_2,43,27253
36834,TYPE_2,7.2,27256
36835,TYPE_2,7.2,27256
36836,TYPE_2,7.2,27257
36837,TYPE_2,7.2,27257
36838,TYPE_2,7.2,27258
36839,TYPE_2,7.2,27259
36840,TYPE_2,7.2,27259
36841,TYPE_2,7.2,27258
36842,TYPE_2,3.6,27260
36843,TYPE_2,3.6,27260
36844,TYPE_2,7.2,27263
36845,TYPE_2,7.2,27262
36846,TYPE_2,7.2,27262
36847,TYPE_2,3.6,27261
36848,TYPE_2,3.6,27261
36849,TYPE_2,7.2,27263
36850,TYPE_2,7.2,27264
36851,TYPE_2,7.2,27264
36852,TYPE_2,7.2,27265
36853,TYPE_2,7.2,27265
36854,TYPE_2,7.2,27266
36855,TYPE_2,7.2,27266
36856,TYPE_2,7.2,27267
36857,TYPE_2,7.2,27267
36858,TYPE_2,7.2,27269
36859,TYPE_2,7.2,27269
36860,TYPE_2,7.2,27270
36861,TYPE_2,7.2,27268
36862,TYPE_2,7.2,27268
36863,TYPE_2,7.2,27270
36864,TYPE_2,7.2,27271
36865,TYPE_2,7.2,27271
36866,TYPE_2,11,27272
36867,TYPE_2,11,27272
36868,TYPE_2,3.6,27273
36869,TYPE_2,3.6,27273
36870,TYPE_2,7.2,27275
36871,TYPE_2,7.2,27275
36872,TYPE_2,3.6,27276
36873,TYPE_2,7.2,27274
36874,TYPE_2,7.2,27274
36875,TYPE_2,3.6,27276
36876,TYPE_2,7.2,27277
36877,TYPE_2,7.2,27277
36878,TYPE_2,7.2,27278
36879,TYPE_2,7.2,27278
36880,TYPE_2,7.2,27279
36881,TYPE_2,7.2,27279
36882,TYPE_2,3.6,27281
36883,TYPE_2,7.2,27281
36884,TYPE_2,7.2,27280
36885,TYPE_2,7.2,27282
36886,TYPE_2,7.2,27282
36887,TYPE_2,7.2,27280
36888,DC_COMBO_TYPE_2,50,27283
36889,TYPE_2,43,27283
36890,CHADEMO,50,27283
36891,DC_COMBO_TYPE_2,150,27284
36892,CHADEMO,50,27284
36893,DC_COMBO_TYPE_2,150,27285
36894,CHADEMO,50,27285
36895,TYPE_2,7.2,27286
36896,TYPE_2,7.2,27286
36897,CHADEMO,50,27287
36898,DC_COMBO_TYPE_2,150,27287
36899,DC_COMBO_TYPE_2,150,27288
36900,CHADEMO,50,27288
36901,DC_COMBO_TYPE_2,150,27289
36902,CHADEMO,50,27289
36903,CHADEMO,50,27290
36904,DC_COMBO_TYPE_2,150,27290
36905,TYPE_2,7.2,27291
36906,TYPE_2,7.2,27291
36907,TYPE_2,7.2,27292
36908,TYPE_2,7.2,27292
36909,TYPE_2,7.2,27293
36910,TYPE_2,7.2,27293
36911,TYPE_2,7.2,27294
36912,TYPE_2,7.2,27294
36913,TYPE_2,7.2,27295
36914,TYPE_2,7.2,27295
36915,TYPE_2,7.2,27296
36916,TYPE_2,7.2,27296
36917,TYPE_2,7.2,27297
36918,TYPE_2,7.2,27297
36919,TYPE_2,7.2,27309
36920,TYPE_2,7.2,27298
36921,TYPE_2,7.2,27308
36922,TYPE_2,7.2,27306
36923,TYPE_2,7.2,27307
36924,TYPE_2,7.2,27307
36925,TYPE_2,7.2,27305
36926,TYPE_2,7.2,27304
36927,TYPE_2,7.2,27304
36928,TYPE_2,7.2,27310
36929,TYPE_2,7.2,27299
36930,TYPE_2,7.2,27299
36931,TYPE_2,7.2,27310
36932,TYPE_2,7.2,27305
36933,TYPE_2,7.2,27301
36934,TYPE_2,7.2,27301
36935,TYPE_2,7.2,27303
36936,TYPE_2,7.2,27303
36937,TYPE_2,7.2,27308
36938,TYPE_2,7.2,27298
36939,TYPE_2,7.2,27309
36940,TYPE_2,7.2,27302
36941,TYPE_2,7.2,27302
36942,TYPE_2,7.2,27306
36943,TYPE_2,7.2,27300
36944,TYPE_2,7.2,27300
36945,TYPE_2,7.2,27312
36946,TYPE_2,7.2,27312
36947,TYPE_2,7.2,27311
36948,TYPE_2,7.2,27311
36949,DC_COMBO_TYPE_2,50,27313
36950,CHADEMO,50,27313
36951,TYPE_2,43,27313
36952,TYPE_2,7.2,27314
36953,TYPE_2,7.2,27315
36954,TYPE_2,7.2,27315
36955,DC_COMBO_TYPE_2,50,27316
36956,TYPE_2,43,27316
36957,CHADEMO,50,27316
36958,DC_COMBO_TYPE_2,50,27317
36959,CHADEMO,50,27317
36960,TYPE_2,43,27317
36961,DC_COMBO_TYPE_2,50,27318
36962,CHADEMO,50,27318
36963,TYPE_2,43,27318
38194,TYPE_2,3,29778
38195,TYPE_2,3,29778
38196,DC_COMBO_TYPE_2,50,29779
38197,CHADEMO,50,29779
38198,TYPE_2,43,29779
38199,DC_COMBO_TYPE_2,50,29780
38200,CHADEMO,50,29780
38201,TYPE_2,43,29780
38202,TYPE_2,7.2,29781
38203,TYPE_2,7.2,29781
38204,TYPE_2,7,29782
38205,TYPE_2,7,29782
38206,DC_COMBO_TYPE_2,50,29783
38207,CHADEMO,50,29783
38208,TYPE_2,43,29783
38209,CHADEMO,50,29784
38210,TYPE_2,43,29784
38211,DC_COMBO_TYPE_2,50,29784
38212,CHADEMO,50,29785
38213,DC_COMBO_TYPE_2,50,29785
38214,TYPE_2,43,29785
38215,DC_COMBO_TYPE_2,50,29786
38216,CHADEMO,50,29786
38217,TYPE_2,43,29786
38218,DC_COMBO_TYPE_2,50,29787
38219,TYPE_2,43,29787
38220,CHADEMO,50,29787
38221,TYPE_2,7.2,29788
38222,TYPE_2,7.2,29788
38235,TYPE_2,7.2,29794
38236,TYPE_2,7.2,29794
38237,CHADEMO,50,29795
38238,DC_COMBO_TYPE_2,50,29795
38239,TYPE_2,43,29795
38240,TYPE_2,7,26912
38241,TYPE_2,7.2,29796
38242,TYPE_2,7.2,29796
38243,TYPE_2,7.2,29797
38244,TYPE_2,7.2,29797
38245,TYPE_2,7.2,29798
38246,TYPE_2,7.2,29798
38247,TYPE_2,7.2,29799
38248,TYPE_2,7.2,29799
38249,DC_COMBO_TYPE_2,50,29800
38250,CHADEMO,50,29800
38251,TYPE_2,43,29800
38252,DC_COMBO_TYPE_2,50,29802
38253,CHADEMO,50,29802
38254,TYPE_2,43,29802
38255,DC_COMBO_TYPE_2,50,29801
38256,CHADEMO,50,29801
38257,TYPE_2,43,29801
38258,DC_COMBO_TYPE_2,50,29803
38259,CHADEMO,50,29803
38260,TYPE_2,43,29803
38261,DC_COMBO_TYPE_2,50,29806
38262,TYPE_2,43,29806
38263,DC_COMBO_TYPE_2,50,29804
38264,CHADEMO,50,29804
38265,DC_COMBO_TYPE_2,50,29805
38266,CHADEMO,50,29805
38267,TYPE_2,43,29805
38268,CHADEMO,50,29806
38269,TYPE_2,43,29804
38270,DC_COMBO_TYPE_2,50,29810
38271,TYPE_2,43,29810
38272,DC_COMBO_TYPE_2,50,29809
38273,CHADEMO,50,29809
38274,TYPE_2,43,29809
38275,DC_COMBO_TYPE_2,50,29807
38276,CHADEMO,50,29807
38277,TYPE_2,43,29807
38278,CHADEMO,50,29810
38279,CHADEMO,50,29808
38280,DC_COMBO_TYPE_2,50,29808
38281,TYPE_2,43,29808
38282,DC_COMBO_TYPE_2,50,29811
38283,CHADEMO,50,29811
38284,TYPE_2,43,29811
38285,DC_COMBO_TYPE_2,50,29813
38286,CHADEMO,50,29813
38287,TYPE_2,43,29813
38288,DC_COMBO_TYPE_2,50,29812
38289,TYPE_2,43,29812
38290,CHADEMO,50,29812
38291,DC_COMBO_TYPE_2,50,29814
38292,TYPE_2,43,29814
38293,CHADEMO,50,29814
38294,DC_COMBO_TYPE_2,50,29815
38295,CHADEMO,50,29815
38296,TYPE_2,43,29815
38297,DC_COMBO_TYPE_2,50,29816
38298,CHADEMO,50,29816
38299,TYPE_2,43,29816
38300,DC_COMBO_TYPE_2,50,29817
38301,TYPE_2,43,29817
38302,CHADEMO,50,29817
38303,CHADEMO,50,29818
38304,DC_COMBO_TYPE_2,50,29818
38305,TYPE_2,43,29818
38306,DC_COMBO_TYPE_2,50,29819
38307,CHADEMO,50,29819
38308,TYPE_2,43,29819
38309,DC_COMBO_TYPE_2,50,29820
38310,TYPE_2,43,29820
38311,CHADEMO,50,29820
38312,CHADEMO,50,29821
38313,TYPE_2,43,29821
38314,DC_COMBO_TYPE_2,50,29821
38315,DC_COMBO_TYPE_2,50,29822
38316,CHADEMO,50,29822
38317,TYPE_2,43,29822
38318,DC_COMBO_TYPE_2,50,29826
38319,TYPE_2,43,29826
38320,CHADEMO,50,29826
38321,DC_COMBO_TYPE_2,50,29824
38322,CHADEMO,50,29824
38323,DC_COMBO_TYPE_2,50,29825
38324,CHADEMO,50,29825
38325,TYPE_2,43,29825
38326,DC_COMBO_TYPE_2,50,29823
38327,TYPE_2,43,29823
38328,CHADEMO,50,29823
38329,TYPE_2,43,29824
38330,TYPE_2,43,29827
38331,CHADEMO,50,29827
38332,DC_COMBO_TYPE_2,50,29827
38333,DC_COMBO_TYPE_2,50,29828
38334,TYPE_2,43,29828
38335,CHADEMO,50,29828
38336,DC_COMBO_TYPE_2,50,29829
38337,TYPE_2,43,29829
38338,CHADEMO,50,29829
38347,DC_COMBO_TYPE_2,50,29833
38348,CHADEMO,50,29833
38349,TYPE_2,43,29833
38350,TYPE_2,7,29834
38351,TYPE_2,7,29835
38352,TYPE_1,3,29835
38353,TYPE_2,7,29858
38354,TYPE_2,7,29839
38355,TYPE_2,7,29840
38356,TYPE_2,7,29854
38357,TYPE_2,7,29859
38358,TYPE_2,7,29846
38359,TYPE_2,7,29848
38360,TYPE_2,7,29842
38361,TYPE_2,7,29853
38362,TYPE_2,7,29836
38363,TYPE_2,7,29843
38364,TYPE_2,7,29838
38365,TYPE_2,7,29837
38366,TYPE_2,7,29849
38367,TYPE_2,7,29841
38368,TYPE_1,3,29858
38369,TYPE_1,3,29840
38370,TYPE_1,3,29839
38371,TYPE_1,3,29859
38372,TYPE_1,3,29854
38373,TYPE_1,3,29846
38374,TYPE_1,3,29848
38375,TYPE_1,3,29836
38376,TYPE_1,3,29843
38377,TYPE_1,3,29838
38378,TYPE_1,3,29837
38379,TYPE_1,3,29842
38380,TYPE_1,3,29853
38381,TYPE_1,3,29849
38382,TYPE_1,3,29841
38383,TYPE_2,7,29871
38384,TYPE_2,7,29872
38385,TYPE_2,7,29873
38386,TYPE_2,7,29870
38387,TYPE_2,7,29852
38388,TYPE_2,7,29876
38389,TYPE_2,7,29851
38390,TYPE_2,7,29856
38391,TYPE_2_FAST,22,29850
38392,TYPE_2,7,29874
38393,TYPE_2,7,29855
38394,TYPE_2,7,29869
38395,TYPE_2,7,29845
38396,TYPE_2,7,29860
38397,TYPE_2,7,29866
38398,TYPE_2,7,29861
38399,TYPE_2,7,29862
38400,TYPE_2,7,29865
38401,TYPE_2,7,29867
38402,TYPE_2,7,29868
38403,TYPE_2,7,29864
38404,TYPE_2,7,29857
38405,TYPE_2,7,29863
38406,TYPE_2,7,29847
38407,TYPE_2,7,29844
38408,TYPE_2,7,29875
38409,TYPE_1,3,29871
38410,TYPE_1,3,29873
38411,TYPE_1,3,29870
38412,TYPE_1,3,29876
38413,TYPE_1,3,29852
38414,TYPE_1,3,29869
38415,TYPE_1,3,29845
38416,TYPE_1,3,29860
38417,TYPE_1,3,29866
38418,TYPE_1,3,29861
38419,TYPE_1,3,29862
38420,TYPE_1,3,29872
38421,TYPE_1,3,29867
38422,TYPE_1,3,29865
38423,TYPE_1,3,29868
38424,TYPE_1,3,29864
38425,TYPE_1,3,29857
38426,TYPE_1,3,29874
38427,TYPE_1,3,29855
38428,TYPE_1,3,29851
38429,TYPE_1,3,29856
38430,TYPE_1,3,29844
38431,TYPE_1,3,29847
38432,TYPE_1,3,29863
38433,TYPE_1,3,29875
38434,TYPE_2,7,29877
38435,TYPE_2,7,29880
38436,TYPE_2,7,29879
38437,TYPE_2,7,29878
38438,TYPE_1,3,29877
38439,TYPE_1,3,29880
38440,TYPE_1,3,29878
38441,TYPE_1,3,29879
38442,TYPE_2,7,29881
38443,TYPE_2,7,29883
38444,TYPE_2,7,29882
38445,TYPE_1,3,29883
38446,TYPE_1,3,29881
38447,TYPE_1,3,29882
38448,TYPE_2,7,29884
38449,TYPE_2,7,29885
38450,TYPE_2,7,29886
38451,TYPE_1,3,29884
38452,TYPE_1,3,29885
38453,TYPE_1,3,29886
38454,TYPE_2,7,29891
38455,TYPE_1,3,29891
38456,TYPE_2,7,29890
38457,TYPE_1,3,29890
38458,TYPE_2,7,29887
38459,TYPE_1,3,29887
38460,TYPE_2,7,29889
38461,TYPE_1,3,29889
38462,TYPE_2_FAST,22,29888
38463,TYPE_2,7,29892
38464,TYPE_1,3,29892
38465,TYPE_2,7,29893
38466,TYPE_1,3,29893
38467,TYPE_2,7,29896
38468,TYPE_1,3,29896
38469,TYPE_2,7,29894
38470,TYPE_1,3,29894
38471,TYPE_2,7,29895
38472,TYPE_1,3,29895
38473,TYPE_2,7,29897
38474,TYPE_1,3,29897
38475,TYPE_2,7,29898
38476,TYPE_1,3,29898
38477,TYPE_1,3,29900
38478,TYPE_1,3,29901
38479,TYPE_2,7,29899
38480,TYPE_2,7,29901
38481,TYPE_2,7,29900
38482,TYPE_1,3,29899
38483,TYPE_2,7,29904
38484,TYPE_1,3,29904
38485,TYPE_2,7,29903
38486,TYPE_1,3,29903
38487,TYPE_2,7,29902
38488,TYPE_1,3,29902
38489,TYPE_2,7,29908
38490,TYPE_1,3,29908
38491,TYPE_2,7,29906
38492,TYPE_1,3,29906
38493,TYPE_2,7,29905
38494,TYPE_1,3,29905
38495,TYPE_2,7,29907
38496,TYPE_1,3,29907
38497,TYPE_2,7,29909
38498,TYPE_1,3,29909
38499,TYPE_2,7,29912
38500,TYPE_2,7,29911
38501,TYPE_1,3,29912
38502,TYPE_1,3,29911
38503,TYPE_2,7,29913
38504,TYPE_1,3,29913
38505,TYPE_1,3,29910
38506,TYPE_2,7,29910
38507,TYPE_2,7,29915
38508,TYPE_1,3,29916
38509,TYPE_1,3,29915
38510,TYPE_2,7,29916
38511,TYPE_1,3,29914
38512,TYPE_2,7,29914
38513,TYPE_2,7,29917
38514,TYPE_1,3,29917
38515,TYPE_2,7,29918
38516,TYPE_1,3,29918
38517,TYPE_1,3,29919
38518,TYPE_2,7,29920
38519,TYPE_1,3,29920
38520,TYPE_2,7,29919
38521,TYPE_2,7,29922
38522,TYPE_1,3,29921
38523,TYPE_2,7,29921
38524,TYPE_1,3,29922
38525,TYPE_2,7,29923
38526,TYPE_1,3,29923
38527,TYPE_2,7,29924
38528,TYPE_1,3,29924
38529,TYPE_2,7,29926
38530,TYPE_1,3,29926
38531,TYPE_2,7,29925
38532,TYPE_1,3,29925
38533,TYPE_2,7,29928
38534,TYPE_1,3,29928
38535,TYPE_2,7,29927
38536,TYPE_1,3,29927
38537,TYPE_2,7,29929
38538,TYPE_1,3,29929
38539,TYPE_2,7,29932
38540,TYPE_1,3,29932
38541,TYPE_2,7,29930
38542,TYPE_1,3,29930
38543,TYPE_2,7,29931
38544,TYPE_1,3,29931
38545,TYPE_2,7,29933
38546,TYPE_1,3,29933
38547,TYPE_2,7,29934
38548,TYPE_1,3,29934
38549,TYPE_2,7,29935
38550,TYPE_1,3,29935
38551,TYPE_2,7,29936
38552,TYPE_1,3,29936
38553,TYPE_2,7,29941
38554,TYPE_1,3,29941
38555,TYPE_2,7,29937
38556,TYPE_1,3,29937
38557,TYPE_2,7,29939
38558,TYPE_1,3,29939
38559,TYPE_2,7,29940
38560,TYPE_1,3,29940
38561,TYPE_2,7,29938
38562,TYPE_1,3,29938
38563,TYPE_2,7,29943
38564,TYPE_1,3,29943
38565,TYPE_2,7,29942
38566,TYPE_1,3,29942
38567,TYPE_2,7,29947
38568,TYPE_1,3,29947
38569,TYPE_2,7,29944
38570,TYPE_1,3,29944
38571,TYPE_2,7,29945
38572,TYPE_1,3,29945
38573,TYPE_2,7,29948
38574,TYPE_1,3,29948
38575,TYPE_2,7,29946
38576,TYPE_1,3,29946
38577,TYPE_2,7,29949
38578,TYPE_1,3,29949
38579,TYPE_2,7,29950
38580,TYPE_1,3,29950
38581,TYPE_2,7,29951
38582,TYPE_1,3,29951
38583,TYPE_2,7,29952
38584,TYPE_1,3,29952
38585,TYPE_2,7,29953
38586,TYPE_1,3,29953
38587,TYPE_2,7,29954
38588,TYPE_1,3,29954
38589,TYPE_2,7,29955
38590,TYPE_1,3,29955
38591,TYPE_2,7,29956
38592,TYPE_1,3,29956
38593,TYPE_2,7,29957
38594,TYPE_1,3,29957
38595,TYPE_2,7,29961
38596,TYPE_1,3,29961
38597,TYPE_2,7,29960
38598,TYPE_1,3,29960
38599,TYPE_2,7,29958
38600,TYPE_1,3,29958
38601,TYPE_2,7,29959
38602,TYPE_1,3,29959
38603,TYPE_2,7,29962
38604,TYPE_1,3,29962
38605,TYPE_2,7,29963
38606,TYPE_1,3,29963
38607,TYPE_2,7,29964
38608,TYPE_1,3,29964
38609,TYPE_2,7,29965
38610,TYPE_1,3,29965
38611,TYPE_2,7,29966
38612,TYPE_1,3,29966
38613,TYPE_2,7,29969
38614,TYPE_1,3,29969
38615,TYPE_2,7,29970
38616,TYPE_1,3,29970
38617,TYPE_2,7,29968
38618,TYPE_1,3,29968
38619,TYPE_2,7,29967
38620,TYPE_1,3,29967
38621,TYPE_2,7,29971
38622,TYPE_1,3,29971
38623,TYPE_2,7,29973
38624,TYPE_1,3,29973
38625,TYPE_2,7,29974
38626,TYPE_1,3,29974
38627,TYPE_2,7,29975
38628,TYPE_1,3,29975
38629,TYPE_2,7,29972
38630,TYPE_1,3,29972
38631,TYPE_2,7,29976
38632,TYPE_1,3,29976
38633,TYPE_2,7,29977
38634,TYPE_1,3,29977
38635,TYPE_2,7,29978
38636,TYPE_1,3,29978
38637,TYPE_2,7,29979
38638,TYPE_1,3,29979
38639,TYPE_2,7,29980
38640,TYPE_1,3,29980
38641,TYPE_2,7,29981
38642,TYPE_1,3,29981
38643,TYPE_1,3,29982
38644,TYPE_2,7,29982
38645,TYPE_2,7,29983
38646,TYPE_1,3,29983
38647,TYPE_2,7,29984
38648,TYPE_1,3,29984
38649,TYPE_2,7,29985
38650,TYPE_1,3,29985
38651,TYPE_1,3,29986
38652,TYPE_2,7,29986
38653,TYPE_2,7,29988
38654,TYPE_1,3,29988
38655,TYPE_2,7,29987
38656,TYPE_1,3,29987
38657,TYPE_2,7,29989
38658,TYPE_1,3,29989
38659,TYPE_2,7,29990
38660,TYPE_1,3,29990
38661,TYPE_2,7,29991
38662,TYPE_1,3,29991
38663,TYPE_1,3,29992
38664,TYPE_2,7,29993
38665,TYPE_1,3,29993
38666,TYPE_2,7,29992
38667,TYPE_2,7,29994
38668,TYPE_1,3,29994
38669,TYPE_2,7,29995
38670,TYPE_1,3,29995
38671,TYPE_2,7,29997
38672,TYPE_2,7,29996
38673,TYPE_1,3,29996
38674,TYPE_1,3,29997
38675,TYPE_1,3,29998
38676,TYPE_2,7,29998
38677,TYPE_1,3,29999
38678,TYPE_2,7,29999
38679,TYPE_2,7,30000
38680,TYPE_1,3,30000
38681,TYPE_2,7,30001
38682,TYPE_1,3,30001
38683,TYPE_2,7,30003
38684,TYPE_1,3,30003
38685,TYPE_2,7,30002
38686,TYPE_1,3,30002
38687,TYPE_2,7,30005
38688,TYPE_1,3,30005
38689,TYPE_2,7,30004
38690,TYPE_1,3,30004
38691,TYPE_2,7,30006
38692,TYPE_1,3,30006
38693,TYPE_2,7,30007
38694,TYPE_1,3,30007
38695,TYPE_2,7,30008
38696,TYPE_1,3,30008
38697,TYPE_2,7,30009
38698,TYPE_1,3,30009
38699,TYPE_2,7,30011
38700,TYPE_1,3,30011
38701,TYPE_2,7,30010
38702,TYPE_1,3,30010
38703,TYPE_2,7,30012
38704,TYPE_1,3,30012
38705,TYPE_2,7,30013
38706,TYPE_1,3,30013
38707,TYPE_2,7,30014
38708,TYPE_1,3,30014
38709,TYPE_2,7,30015
38710,TYPE_1,3,30015
38711,TYPE_2,7,30021
38712,TYPE_1,3,30021
38713,TYPE_2,7,30018
38714,TYPE_2,7,30022
38715,TYPE_1,3,30023
38716,TYPE_2,7,30017
38717,TYPE_2,7,30016
38718,TYPE_1,3,30020
38719,TYPE_1,3,30019
38720,TYPE_2,7,30020
38721,TYPE_1,3,30016
38722,TYPE_2,7,30019
38723,TYPE_2,7,30023
38724,TYPE_1,3,30017
38725,TYPE_1,3,30022
38726,TYPE_1,3,30018
38727,TYPE_1,3,30033
38728,TYPE_2,7,30033
38729,TYPE_2,7,30039
38730,TYPE_2,7,30051
38731,TYPE_1,3,30051
38732,TYPE_2,7,30071
38733,TYPE_2,7,30058
38734,TYPE_2,7,30027
38735,TYPE_2,7,30061
38736,TYPE_2,7,30034
38737,TYPE_2,7,30056
38738,TYPE_2,7,30062
38739,TYPE_2,7,30064
38740,TYPE_2,7,30075
38741,TYPE_2,7,30060
38742,TYPE_2,7,30057
38743,TYPE_2,7,30070
38744,TYPE_2,7,30026
38745,TYPE_2,7,30066
38746,TYPE_2,7,30030
38747,TYPE_2,7,30076
38748,TYPE_2,7,30047
38749,TYPE_2,7,30065
38750,TYPE_2,7,30031
38751,TYPE_2,7,30041
38752,TYPE_2,7,30052
38753,TYPE_2,7,30042
38754,TYPE_2,7,30069
38755,TYPE_2,7,30073
38756,TYPE_2,7,30035
38757,TYPE_2,7,30024
38758,TYPE_2,7,30063
38759,TYPE_2,7,30029
38760,TYPE_2,7,30036
38761,TYPE_2,7,30028
38762,TYPE_2,7,30037
38763,TYPE_2,7,30068
38764,TYPE_2,7,30053
38765,TYPE_2,7,30043
38766,TYPE_2,7,30025
38767,TYPE_2,7,30050
38768,TYPE_2,7,30049
38769,TYPE_2,7,30048
38770,TYPE_2,7,30044
38771,TYPE_2,7,30072
38772,TYPE_2,7,30032
38773,TYPE_2,7,30054
38774,TYPE_2,7,30040
38775,TYPE_2,7,30067
38776,TYPE_2,7,30074
38777,TYPE_1,3,30038
38778,TYPE_2,7,30038
38779,TYPE_2,7,30045
38780,TYPE_1,3,30045
38781,TYPE_1,3,30027
38782,TYPE_1,3,30062
38783,TYPE_1,3,30075
38784,TYPE_1,3,30058
38785,TYPE_1,3,30039
38786,TYPE_1,3,30057
38787,TYPE_1,3,30061
38788,TYPE_1,3,30064
38789,TYPE_1,3,30047
38790,TYPE_1,3,30031
38791,TYPE_1,3,30055
38792,TYPE_2,7,30055
38793,TYPE_2,7,30059
38794,TYPE_1,3,30060
38795,TYPE_1,3,30070
38796,TYPE_1,3,30034
38797,TYPE_1,3,30076
38798,TYPE_1,3,30052
38799,TYPE_1,3,30056
38800,TYPE_1,3,30066
38801,TYPE_1,3,30071
38802,TYPE_2,7,30046
38803,TYPE_1,3,30024
38804,TYPE_1,3,30025
38805,TYPE_1,3,30026
38806,TYPE_1,3,30028
38807,TYPE_1,3,30029
38808,TYPE_1,3,30030
38809,TYPE_1,3,30032
38810,TYPE_1,3,30035
38811,TYPE_1,3,30036
38812,TYPE_1,3,30037
38813,TYPE_1,3,30040
38814,TYPE_1,3,30041
38815,TYPE_1,3,30042
38816,TYPE_1,3,30043
38817,TYPE_1,3,30044
38818,TYPE_1,3,30046
38819,TYPE_1,3,30048
38820,TYPE_1,3,30049
38821,TYPE_1,3,30050
38822,TYPE_1,3,30053
38823,TYPE_1,3,30054
38824,TYPE_1,3,30059
38825,TYPE_1,3,30063
38826,TYPE_1,3,30065
38827,TYPE_1,3,30067
38828,TYPE_1,3,30068
38829,TYPE_1,3,30069
38830,TYPE_1,3,30072
38831,TYPE_1,3,30073
38832,TYPE_1,3,30074
38833,TYPE_2,7,30077
38834,TYPE_1,3,30077
38835,TYPE_1,3,30078
38836,TYPE_2,7,30078
38837,TYPE_2,7,30079
38838,TYPE_1,3,30079
38839,TYPE_2,7,30080
38840,TYPE_1,3,30080
38841,TYPE_2,7,30081
38842,TYPE_1,3,30081
38843,TYPE_2,7,30082
38844,TYPE_1,3,30082
38845,TYPE_2,7,30083
38846,TYPE_1,3,30083
38847,TYPE_2,7,30084
38848,TYPE_1,3,30084
38849,TYPE_2,7,30085
38850,TYPE_1,3,30085
38851,TYPE_2,7,30086
38852,TYPE_1,3,30086
38853,TYPE_2,7,30087
38854,TYPE_1,3,30087
38855,TYPE_2,7,30088
38856,TYPE_1,3,30088
38857,TYPE_2,7,30089
38858,TYPE_1,3,30089
38859,TYPE_2,7,30090
38860,TYPE_1,3,30090
38861,TYPE_2,7,30091
38862,TYPE_1,3,30091
38863,TYPE_2,7,30092
38864,TYPE_1,3,30092
38865,TYPE_2,7,30093
38866,TYPE_1,3,30093
38867,TYPE_2,7,30094
38868,TYPE_1,3,30094
38869,TYPE_2,7,30096
38870,TYPE_1,3,30096
38871,TYPE_2,7,30095
38872,TYPE_1,3,30095
38873,TYPE_2,7,30097
38874,TYPE_1,3,30097
38875,TYPE_2,7,30098
38876,TYPE_1,3,30098
38877,TYPE_1,3,30099
38878,TYPE_2,7,30099
38879,TYPE_2,7,30100
38880,TYPE_1,3,30100
38881,TYPE_2,7,30101
38882,TYPE_1,3,30101
38883,TYPE_2,7,30102
38884,TYPE_1,3,30102
38885,TYPE_2,7,30103
38886,TYPE_1,3,30103
38887,TYPE_2,7,30104
38888,TYPE_1,3,30104
38889,TYPE_1,3,30105
38890,TYPE_2,7,30105
38891,TYPE_2,7,30106
38892,TYPE_1,3,30106
38893,TYPE_2,7,30107
38894,TYPE_1,3,30107
38895,TYPE_2,7,30110
38896,TYPE_1,3,30110
38897,TYPE_2,7,30109
38898,TYPE_1,3,30109
38899,TYPE_2,7,30108
38900,TYPE_1,3,30108
38901,TYPE_1,3,30111
38902,TYPE_2,7,30111
38903,TYPE_2,7,30112
38904,TYPE_1,3,30112
38905,TYPE_1,3,30113
38906,TYPE_2,7,30113
38907,TYPE_2,7,30114
38908,TYPE_1,3,30114
38909,TYPE_1,3,30115
38910,TYPE_2,7,30115
38911,TYPE_2,7,30116
38912,TYPE_1,3,30116
38913,TYPE_2,7,30117
38914,TYPE_1,3,30117
38915,TYPE_2,7,30118
38916,TYPE_1,3,30118
38917,TYPE_2,7,30119
38918,TYPE_1,3,30119
38919,TYPE_2,7,30121
38920,TYPE_1,3,30121
38921,TYPE_2,7,30120
38922,TYPE_1,3,30120
38923,TYPE_2,7,30123
38924,TYPE_1,3,30123
38925,TYPE_2,7,30122
38926,TYPE_1,3,30122
38927,TYPE_2,7,30124
38928,TYPE_1,3,30124
38929,TYPE_2,7,30126
38930,TYPE_1,3,30126
38931,TYPE_2,7,30125
38932,TYPE_1,3,30125
38933,TYPE_2,7,30127
38934,TYPE_1,3,30127
38935,TYPE_2,7,30128
38936,TYPE_1,3,30128
38937,TYPE_2,7,30129
38938,TYPE_1,3,30129
38939,TYPE_2,7,30130
38940,TYPE_1,3,30130
38941,TYPE_2,7,30131
38942,TYPE_1,3,30131
38943,TYPE_2,7,30132
38944,TYPE_1,3,30132
38945,TYPE_2,7,30133
38946,TYPE_1,3,30133
38947,TYPE_2,7,30134
38948,TYPE_1,3,30134
38949,TYPE_2,7,30135
38950,TYPE_1,3,30135
38951,TYPE_1,3,30136
38952,TYPE_2,7,30136
38953,TYPE_2,7,30137
38954,TYPE_1,3,30137
38955,TYPE_2,7,30138
38956,TYPE_1,3,30138
38957,TYPE_1,3,30139
38958,TYPE_2,7,30139
38959,TYPE_2,7,30140
38960,TYPE_1,3,30140
38961,TYPE_2,7,30147
38962,TYPE_1,3,30147
38963,TYPE_1,3,30146
38964,TYPE_2,7,30143
38965,TYPE_2,7,30146
38966,TYPE_1,3,30143
38967,TYPE_2,7,30145
38968,TYPE_1,3,30145
38969,TYPE_1,3,30144
38970,TYPE_1,3,30141
38971,TYPE_2,7,30141
38972,TYPE_2,7,30144
38973,TYPE_2,7,30142
38974,TYPE_1,3,30142
38975,TYPE_2,7,30155
38976,TYPE_1,3,30155
38977,TYPE_2,7,30151
38978,TYPE_1,3,30151
38979,TYPE_1,3,30152
38980,TYPE_2,7,30152
38981,TYPE_2,7,30150
38982,TYPE_2,7,30149
38983,TYPE_1,3,30150
38984,TYPE_2,7,30154
38985,TYPE_2,7,30153
38986,TYPE_1,3,30154
38987,TYPE_1,3,30153
38988,TYPE_1,3,30149
38989,TYPE_2,7,30148
38990,TYPE_1,3,30148
38991,TYPE_2,7,30156
38992,TYPE_1,3,30156
38993,TYPE_1,3,30158
38994,TYPE_2,7,30157
38995,TYPE_1,3,30157
38996,TYPE_2,7,30158
38997,TYPE_2,7,30159
38998,TYPE_1,3,30159
38999,TYPE_2,7,30160
39000,TYPE_1,3,30160
39001,TYPE_2,7,30164
39002,TYPE_1,3,30164
39003,TYPE_2,7,30163
39004,TYPE_2,7,30161
39005,TYPE_1,3,30162
39006,TYPE_1,3,30163
39007,TYPE_1,3,30161
39008,TYPE_2,7,30162
39009,TYPE_2,7,30165
39010,TYPE_1,3,30165
39011,TYPE_2,7,30166
39012,TYPE_1,3,30166
39013,TYPE_2,7,30167
39014,TYPE_1,3,30167
39015,TYPE_1,3,30168
39016,TYPE_2,7,30168
39017,TYPE_2,7,30169
39018,TYPE_1,3,30169
39019,TYPE_2,7,30171
39020,TYPE_1,3,30171
39021,TYPE_1,3,30170
39022,TYPE_2,7,30170
39023,TYPE_2,7,30172
39024,TYPE_1,3,30172
39025,TYPE_2,7,30173
39026,TYPE_1,3,30173
39027,TYPE_2,7,30175
39028,TYPE_1,3,30175
39029,TYPE_2,7,30174
39030,TYPE_1,3,30174
39031,TYPE_2,7,30176
39032,TYPE_1,3,30176
39033,TYPE_1,3,30177
39034,TYPE_2,7,30177
39035,TYPE_2,7,30178
39036,TYPE_1,3,30178
39037,TYPE_2,7,30179
39038,TYPE_1,3,30179
39039,TYPE_2,7,30180
39040,TYPE_1,3,30180
39041,TYPE_2,7,30182
39042,TYPE_1,3,30182
39043,TYPE_2,7,30181
39044,TYPE_1,3,30181
39045,TYPE_2,7,30183
39046,TYPE_1,3,30183
39047,TYPE_1,3,30185
39048,TYPE_2,7,30185
39049,TYPE_2,7,30186
39050,TYPE_1,3,30186
39051,TYPE_2,7,30184
39052,TYPE_1,3,30184
39053,TYPE_1,3,30189
39054,TYPE_1,3,30188
39055,TYPE_2,7,30188
39056,TYPE_2,7,30187
39057,TYPE_1,3,30187
39058,TYPE_2,7,30189
39059,TYPE_1,3,30190
39060,TYPE_2,7,30190
39061,TYPE_2,7,30191
39062,TYPE_1,3,30191
39063,TYPE_1,3,30193
39064,TYPE_2,7,30193
39065,TYPE_1,3,30192
39066,TYPE_2,7,30192
39067,TYPE_1,3,30194
39068,TYPE_2,7,30195
39069,TYPE_1,3,30195
39070,TYPE_2,7,30194
39071,TYPE_1,3,30197
39072,TYPE_2,7,30197
39073,TYPE_2,7,30196
39074,TYPE_1,3,30196
39075,TYPE_2,7,30198
39076,TYPE_1,3,30198
39077,TYPE_2,7,30199
39078,TYPE_1,3,30199
39079,TYPE_2,7,30201
39080,TYPE_1,3,30201
39081,TYPE_2,7,30200
39082,TYPE_1,3,30200
39083,TYPE_2,7,30203
39084,TYPE_1,3,30203
39085,TYPE_2,7,30202
39086,TYPE_1,3,30202
39087,TYPE_2,7,30204
39088,TYPE_1,3,30204
39089,TYPE_2,7,30205
39090,TYPE_1,3,30205
39091,TYPE_2,7,30206
39092,TYPE_1,3,30206
39093,TYPE_2,7,30207
39094,TYPE_1,3,30207
39095,TYPE_2,7,30208
39096,TYPE_1,3,30209
39097,TYPE_1,3,30208
39098,TYPE_2,7,30209
39099,TYPE_2,7,30211
39100,TYPE_2,7,30210
39101,TYPE_1,3,30210
39102,TYPE_1,3,30211
39103,TYPE_1,3,30212
39104,TYPE_2,7,30212
39105,TYPE_2,7,30213
39106,TYPE_1,3,30213
39107,TYPE_2,7,30214
39108,TYPE_1,3,30214
39109,TYPE_2,7,30215
39110,TYPE_1,3,30215
39111,TYPE_2,7,30217
39112,TYPE_1,3,30217
39113,TYPE_2,7,30216
39114,TYPE_1,3,30216
39115,TYPE_2,7,30218
39116,TYPE_1,3,30218
39117,TYPE_2,7,30219
39118,TYPE_1,3,30219
39119,TYPE_2,7,30220
39120,TYPE_1,3,30220
39121,TYPE_2,7,30221
39122,TYPE_1,3,30221
39123,TYPE_2,7,30222
39124,TYPE_1,3,30222
39125,TYPE_1,3,30223
39126,TYPE_2,7,30223
39127,TYPE_1,3,30224
39128,TYPE_2,7,30224
39129,TYPE_1,3,30225
39130,TYPE_2,7,30225
39131,TYPE_1,3,30226
39132,TYPE_2,7,30226
39133,TYPE_2,7,30227
39134,TYPE_1,3,30227
39135,TYPE_2,7,30228
39136,TYPE_1,3,30228
39137,TYPE_2,7,30229
39138,TYPE_1,3,30229
39139,TYPE_2,7,30230
39140,TYPE_1,3,30230
39141,TYPE_1,3,30231
39142,TYPE_2,7,30232
39143,TYPE_1,3,30232
39144,TYPE_2,7,30231
39145,TYPE_1,3,30236
39146,TYPE_2,7,30236
39147,TYPE_1,3,30233
39148,TYPE_1,3,30237
39149,TYPE_2,7,30235
39150,TYPE_1,3,30234
39151,TYPE_1,3,30235
39152,TYPE_2,7,30234
39153,TYPE_2,7,30233
39154,TYPE_2,7,30237
39155,TYPE_1,3,30239
39156,TYPE_1,3,30240
39157,TYPE_2,7,30243
39158,TYPE_1,3,30238
39159,TYPE_2,7,30238
39160,TYPE_1,3,30243
39161,TYPE_2,7,30240
39162,TYPE_2,7,30245
39163,TYPE_1,3,30244
39164,TYPE_1,3,30245
39165,TYPE_2,7,30242
39166,TYPE_2,7,30239
39167,TYPE_2,7,30241
39168,TYPE_1,3,30241
39169,TYPE_1,3,30242
39170,TYPE_2,7,30244
39171,TYPE_1,3,30249
39172,TYPE_2,7,30255
39173,TYPE_1,3,30255
39174,TYPE_2,7,30258
39175,TYPE_1,3,30258
39176,TYPE_2,7,30261
39177,TYPE_1,3,30261
39178,TYPE_2,7,30256
39179,TYPE_1,3,30256
39180,TYPE_2,7,30264
39181,TYPE_1,3,30264
39182,TYPE_2,7,30250
39183,TYPE_1,3,30250
39184,TYPE_2,7,30248
39185,TYPE_1,3,30248
39186,TYPE_2,7,30263
39187,TYPE_1,3,30263
39188,TYPE_2,7,30259
39189,TYPE_1,3,30259
39190,TYPE_2,7,30246
39191,TYPE_1,3,30246
39192,TYPE_2,7,30251
39193,TYPE_1,3,30251
39194,TYPE_2,7,30265
39195,TYPE_1,3,30265
39196,TYPE_1,3,30257
39197,TYPE_2,7,30262
39198,TYPE_2,7,30253
39199,TYPE_1,3,30253
39200,TYPE_2_FAST,22,30260
39201,TYPE_1,3,30254
39202,TYPE_2,7,30254
39203,TYPE_2,7,30247
39204,TYPE_1,3,30247
39205,TYPE_2,7,30252
39206,TYPE_1,3,30252
39207,TYPE_2,7,30249
39208,TYPE_2,7,30257
39209,TYPE_1,3,30262
39210,TYPE_2,7,30266
39211,TYPE_1,3,30266
39212,TYPE_2,7,30267
39213,TYPE_1,3,30267
39214,TYPE_2,7,30268
39215,TYPE_2,7,30269
39216,TYPE_2,7,30270
39217,TYPE_1,3,30268
39218,TYPE_1,3,30269
39219,TYPE_1,3,30270
39220,TYPE_2,7,30273
39221,TYPE_2,7,30272
39222,TYPE_1,3,30272
39223,TYPE_2,7,30271
39224,TYPE_1,3,30271
39225,TYPE_1,3,30273
39226,TYPE_1,3,30275
39227,TYPE_1,3,30274
39228,TYPE_2,7,30274
39229,TYPE_2,7,30276
39230,TYPE_2,7,30275
39231,TYPE_1,3,30276
39232,TYPE_2,7,30277
39233,TYPE_1,3,30277
39234,TYPE_2,7,30280
39235,TYPE_1,3,30280
39236,TYPE_1,3,30278
39237,TYPE_2,7,30279
39238,TYPE_2,7,30278
39239,TYPE_1,3,30279
39240,TYPE_2,7,30281
39241,TYPE_1,3,30281
39242,TYPE_2,7,30285
39243,TYPE_1,3,30285
39244,TYPE_2,7,30282
39245,TYPE_1,3,30282
39246,TYPE_2,7,30283
39247,TYPE_1,3,30283
39248,TYPE_2,7,30286
39249,TYPE_1,3,30286
39250,TYPE_2,7,30284
39251,TYPE_1,3,30284
39252,TYPE_2,7,30287
39253,TYPE_2,7,30288
39254,TYPE_1,3,30291
39255,TYPE_1,3,30287
39256,TYPE_1,3,30289
39257,TYPE_2,7,30290
39258,TYPE_2,7,30289
39259,TYPE_2,7,30291
39260,TYPE_2,7,30292
39261,TYPE_1,3,30292
39262,TYPE_1,3,30290
39263,TYPE_1,3,30288
39264,TYPE_2,7,30293
39265,TYPE_1,3,30293
39266,TYPE_2,7,30294
39267,TYPE_2,7,30295
39268,TYPE_1,3,30295
39269,TYPE_1,3,30294
39270,TYPE_1,3,30296
39271,TYPE_2,7,30296
39272,TYPE_1,3,30297
39273,TYPE_1,3,30298
39274,TYPE_2,7,30297
39275,TYPE_2,7,30298
39276,TYPE_2,7,30299
39277,TYPE_1,3,30299
39278,TYPE_2,7,30301
39279,TYPE_1,3,30301
39280,TYPE_2,7,30300
39281,TYPE_1,3,30300
39282,TYPE_1,3,30302
39283,TYPE_1,3,30303
39284,TYPE_2,7,30303
39285,TYPE_2,7,30302
39286,TYPE_2,7,30305
39287,TYPE_1,3,30305
39288,TYPE_1,3,30306
39289,TYPE_2,7,30306
39290,TYPE_2,7,30304
39291,TYPE_1,3,30304
39292,TYPE_1,3,30310
39293,TYPE_1,3,30312
39294,TYPE_2,7,30308
39295,TYPE_2,7,30310
39296,TYPE_2,7,30312
39297,TYPE_1,3,30309
39298,TYPE_1,3,30311
39299,TYPE_1,3,30308
39300,TYPE_2,7,30309
39301,TYPE_2,7,30311
39302,TYPE_2,7,30307
39303,TYPE_1,3,30307
39304,TYPE_2,7,30319
39305,TYPE_1,3,30315
39306,TYPE_1,3,30324
39307,TYPE_1,3,30314
39308,TYPE_2,7,30324
39309,TYPE_1,3,30321
39310,TYPE_2,7,30320
39311,TYPE_2,7,30321
39312,TYPE_2,7,30318
39313,TYPE_1,3,30313
39314,TYPE_1,3,30320
39315,TYPE_1,3,30319
39316,TYPE_1,3,30322
39317,TYPE_1,3,30316
39318,TYPE_2,7,30315
39319,TYPE_2,7,30313
39320,TYPE_2,7,30316
39321,TYPE_2,7,30317
39322,TYPE_2,7,30323
39323,TYPE_2,7,30314
39324,TYPE_2,7,30322
39325,TYPE_1,3,30318
39326,TYPE_1,3,30317
39327,TYPE_1,3,30323
39328,TYPE_2,7,30340
39329,TYPE_2,7,30333
39330,TYPE_2,7,30335
39331,TYPE_2,7,30329
39332,TYPE_2,7,30326
39333,TYPE_2,7,30330
39334,TYPE_2,7,30327
39335,TYPE_2,7,30325
39336,TYPE_2,7,30336
39337,TYPE_2,7,30328
39338,TYPE_2,7,30338
39339,TYPE_2,7,30331
39340,TYPE_2,7,30332
39341,TYPE_2,7,30339
39342,TYPE_2,7,30337
39343,TYPE_2,7,30334
39344,TYPE_1,3,30340
39345,TYPE_1,3,30333
39346,TYPE_1,3,30335
39347,TYPE_1,3,30329
39348,TYPE_1,3,30326
39349,TYPE_1,3,30330
39350,TYPE_1,3,30327
39351,TYPE_1,3,30336
39352,TYPE_1,3,30331
39353,TYPE_1,3,30328
39354,TYPE_1,3,30339
39355,TYPE_1,3,30325
39356,TYPE_1,3,30338
39357,TYPE_1,3,30332
39358,TYPE_1,3,30334
39359,TYPE_1,3,30337
39360,TYPE_2,7,30343
39361,TYPE_2,7,30347
39362,TYPE_2,7,30352
39363,TYPE_2,7,30349
39364,TYPE_2_FAST,22,30350
39365,TYPE_2,7,30351
39366,TYPE_2,7,30348
39367,TYPE_2,7,30346
39368,TYPE_2,7,30345
39369,TYPE_2,7,30353
39370,TYPE_2,7,30344
39371,TYPE_2,7,30354
39372,TYPE_2,7,30341
39373,TYPE_1,3,30341
39374,TYPE_2,7,30342
39375,TYPE_1,3,30342
39376,TYPE_1,3,30354
39377,TYPE_1,3,30352
39378,TYPE_1,3,30343
39379,TYPE_1,3,30347
39380,TYPE_1,3,30351
39381,TYPE_1,3,30349
39382,TYPE_1,3,30346
39383,TYPE_1,3,30348
39384,TYPE_1,3,30345
39385,TYPE_1,3,30344
39386,TYPE_1,3,30353
39387,TYPE_1,3,30355
39388,TYPE_2,7,30356
39389,TYPE_1,3,30356
39390,TYPE_2,7,30357
39391,TYPE_1,3,30357
39392,TYPE_2,7,30355
39393,TYPE_2,7,30360
39394,TYPE_2,7,30359
39395,TYPE_1,3,30359
39396,TYPE_1,3,30360
39397,TYPE_2,7,30361
39398,TYPE_1,3,30361
39399,TYPE_2,7,30362
39400,TYPE_1,3,30362
39401,TYPE_2,7,30358
39402,TYPE_1,3,30358
39403,TYPE_2,7,30363
39404,TYPE_2,7,30364
39405,TYPE_1,3,30364
39406,TYPE_2,7,30365
39407,TYPE_1,3,30365
39408,TYPE_1,3,30366
39409,TYPE_2,7,30366
39410,TYPE_1,3,30363
39411,TYPE_2,7,30370
39412,TYPE_1,3,30372
39413,TYPE_2,7,30374
39414,TYPE_1,3,30374
39415,TYPE_2,7,30373
39416,TYPE_1,3,30373
39417,TYPE_2,7,30372
39418,TYPE_2,7,30371
39419,TYPE_1,3,30371
39420,TYPE_1,3,30370
39421,TYPE_2,7,30367
39422,TYPE_2,7,30368
39423,TYPE_1,3,30368
39424,TYPE_2,7,30369
39425,TYPE_1,3,30369
39426,TYPE_1,3,30367
39427,TYPE_2,7,30378
39428,TYPE_1,3,30378
39429,TYPE_2,7,30377
39430,TYPE_1,3,30377
39431,TYPE_1,3,30376
39432,TYPE_2,7,30375
39433,TYPE_1,3,30379
39434,TYPE_2,7,30379
39435,TYPE_1,3,30375
39436,TYPE_2,7,30376
39437,TYPE_2,7,30381
39438,TYPE_1,3,30381
39439,TYPE_2,7,30380
39440,TYPE_1,3,30380
39441,TYPE_2,7,30382
39442,TYPE_2,7,30386
39443,TYPE_1,3,30386
39444,TYPE_2,7,30384
39445,TYPE_1,3,30384
39446,TYPE_2,7,30383
39447,TYPE_1,3,30383
39448,TYPE_2,7,30385
39449,TYPE_1,3,30385
39450,TYPE_1,3,30382
39451,TYPE_1,3,30389
39452,TYPE_2,7,30389
39453,TYPE_1,3,30387
39454,TYPE_2,7,30387
39455,TYPE_2,7,30388
39456,TYPE_1,3,30388
39457,TYPE_2,7,30391
39458,TYPE_1,3,30391
39459,TYPE_2,7,30392
39460,TYPE_1,3,30392
39461,TYPE_2,7,30390
39462,TYPE_1,3,30390
39463,TYPE_2,7,30393
39464,TYPE_1,3,30393
39465,TYPE_2,7,30394
39466,TYPE_1,3,30394
39467,TYPE_2,7,30399
39468,TYPE_1,3,30399
39469,TYPE_1,3,30398
39470,TYPE_2,7,30398
39471,TYPE_1,3,30397
39472,TYPE_2,7,30397
39473,TYPE_2,7,30395
39474,TYPE_1,3,30395
39475,TYPE_2,7,30396
39476,TYPE_1,3,30396
39477,TYPE_2,7,30400
39478,TYPE_1,3,30400
39479,TYPE_2,7,30401
39480,TYPE_1,3,30401
39481,TYPE_2,7,30402
39482,TYPE_1,3,30402
39483,TYPE_1,3,30405
39484,TYPE_2,7,30405
39485,TYPE_2,7,30403
39486,TYPE_1,3,30403
39487,TYPE_2,7,30404
39488,TYPE_1,3,30404
39489,TYPE_2_FAST,22,30408
39490,TYPE_2_FAST,22,30407
39491,TYPE_2,7,30406
39492,TYPE_1,3,30406
39493,TYPE_2,7,30410
39494,TYPE_1,3,30410
39495,TYPE_1,3,30411
39496,TYPE_1,3,30412
39497,TYPE_2,7,30409
39498,TYPE_1,3,30409
39499,TYPE_2,7,30412
39500,TYPE_2,7,30411
39501,TYPE_2,7,30413
39502,TYPE_2,7,30414
39503,TYPE_1,3,30415
39504,TYPE_2,7,30415
39505,TYPE_2,7,30418
39506,TYPE_2,7,30416
39507,TYPE_1,3,30413
39508,TYPE_1,3,30416
39509,TYPE_1,3,30417
39510,TYPE_2,7,30417
39511,TYPE_1,3,30418
39512,TYPE_1,3,30414
39513,TYPE_1,3,30421
39514,TYPE_2,7,30421
39515,TYPE_2,7,30419
39516,TYPE_1,3,30419
39517,TYPE_2,7,30420
39518,TYPE_1,3,30420
39519,TYPE_2,7,30422
39520,TYPE_1,3,30422
39521,TYPE_1,3,30424
39522,TYPE_2,7,30423
39523,TYPE_2,7,30424
39524,TYPE_1,3,30423
39525,TYPE_2,7,30425
39526,TYPE_2_FAST,22,30426
39527,TYPE_1,3,30425
39528,TYPE_2_FAST,22,30427
39529,TYPE_2,7,30429
39530,TYPE_1,3,30429
39531,TYPE_2,7,30428
39532,TYPE_1,3,30428
39533,TYPE_2,7,30432
39534,TYPE_1,3,30433
39535,TYPE_1,3,30431
39536,TYPE_2,7,30435
39537,TYPE_2,7,30433
39538,TYPE_1,3,30432
39539,TYPE_1,3,30435
39540,TYPE_1,3,30434
39541,TYPE_2,7,30431
39542,TYPE_1,3,30430
39543,TYPE_2,7,30434
39544,TYPE_2,7,30430
39545,TYPE_2,7,30437
39546,TYPE_2,7,30444
39547,TYPE_1,3,30444
39548,TYPE_1,3,30446
39549,TYPE_2,7,30438
39550,TYPE_1,3,30440
39551,TYPE_2,7,30441
39552,TYPE_1,3,30439
39553,TYPE_2,7,30440
39554,TYPE_1,3,30438
39555,TYPE_2,7,30439
39556,TYPE_1,3,30447
39557,TYPE_1,3,30437
39558,TYPE_2,7,30447
39559,TYPE_2,7,30446
39560,TYPE_1,3,30436
39561,TYPE_1,3,30441
39562,TYPE_1,3,30445
39563,TYPE_2,7,30442
39564,TYPE_2,7,30443
39565,TYPE_1,3,30443
39566,TYPE_2,7,30445
39567,TYPE_1,3,30451
39568,TYPE_2,7,30451
39569,TYPE_2,7,30454
39570,TYPE_1,3,30454
39571,TYPE_2,7,30452
39572,TYPE_1,3,30452
39573,TYPE_1,3,30442
39574,TYPE_2,7,30436
39575,TYPE_1,3,30453
39576,TYPE_2,7,30453
39577,TYPE_2,7,30450
39578,TYPE_1,3,30450
39579,TYPE_1,3,30448
39580,TYPE_2,7,30449
39581,TYPE_2,7,30448
39582,TYPE_1,3,30462
39583,TYPE_2,7,30455
39584,TYPE_1,3,30456
39585,TYPE_2,7,30457
39586,TYPE_1,3,30461
39587,TYPE_2,7,30458
39588,TYPE_1,3,30457
39589,TYPE_2,7,30462
39590,TYPE_1,3,30458
39591,TYPE_2,7,30461
39592,TYPE_2,7,30459
39593,TYPE_1,3,30459
39594,TYPE_1,3,30460
39595,TYPE_2,7,30460
39596,TYPE_2,7,30463
39597,TYPE_1,3,30463
39598,TYPE_2,7,30456
39599,TYPE_1,3,30449
39600,TYPE_1,3,30455
39601,TYPE_2,7,30467
39602,TYPE_2,7,30464
39603,TYPE_1,3,30464
39604,TYPE_1,3,30465
39605,TYPE_1,3,30468
39606,TYPE_1,3,30469
39607,TYPE_2,7,30470
39608,TYPE_2,7,30465
39609,TYPE_1,3,30470
39610,TYPE_2,7,30466
39611,TYPE_1,3,30471
39612,TYPE_2,7,30469
39613,TYPE_2,7,30468
39614,TYPE_1,3,30466
39615,TYPE_1,3,30467
39616,TYPE_2,7,30471
39617,TYPE_1,3,30472
39618,TYPE_2,7,30474
39619,TYPE_1,3,30474
39620,TYPE_1,3,30476
39621,TYPE_2,7,30479
39622,TYPE_2,7,30475
39623,TYPE_2,7,30472
39624,TYPE_2,7,30476
39625,TYPE_2,7,30473
39626,TYPE_1,3,30473
39627,TYPE_1,3,30478
39628,TYPE_2,7,30477
39629,TYPE_1,3,30477
39630,TYPE_2,7,30478
39631,TYPE_1,3,30479
39632,TYPE_1,3,30475
39633,TYPE_2,7,30482
39634,TYPE_2,7,30481
39635,TYPE_2,7,30484
39636,TYPE_1,3,30484
39637,TYPE_2,7,30485
39638,TYPE_1,3,30485
39639,TYPE_2,7,30480
39640,TYPE_1,3,30480
39641,TYPE_2,7,30483
39642,TYPE_1,3,30482
39643,TYPE_1,3,30483
39644,TYPE_1,3,30481
39645,TYPE_1,3,30488
39646,TYPE_2,7,30489
39647,TYPE_1,3,30489
39648,TYPE_2,7,30488
39649,TYPE_2,7,30487
39650,TYPE_1,3,30487
39651,TYPE_2,7,30486
39652,TYPE_1,3,30486
39653,TYPE_2,7,30490
39654,TYPE_2,7,30491
39655,TYPE_1,3,30491
39656,TYPE_1,3,30490
39657,TYPE_2,7,30492
39658,TYPE_1,3,30492
39659,TYPE_2,7,30493
39660,TYPE_1,3,30493
39661,TYPE_2,7,30496
39662,TYPE_1,3,30496
39663,TYPE_2,7,30494
39664,TYPE_1,3,30494
39665,TYPE_2,7,30495
39666,TYPE_1,3,30495
39667,TYPE_2,7,30497
39668,TYPE_1,3,30497
39669,TYPE_2,7,30498
39670,TYPE_1,3,30498
39671,TYPE_2,7,30499
39672,TYPE_2,7,30500
39673,TYPE_1,3,30500
39674,TYPE_1,3,30499
39675,TYPE_2,7,30501
39676,TYPE_1,3,30501
39677,TYPE_2,7,30502
39678,TYPE_1,3,30502
39679,TYPE_2,7,30503
39680,TYPE_1,3,30503
39681,TYPE_2,7,30504
39682,TYPE_1,3,30504
39683,TYPE_1,3,30506
39684,TYPE_1,3,30507
39685,TYPE_2,7,30507
39686,TYPE_2,7,30506
39687,TYPE_2,7,30505
39688,TYPE_1,3,30505
39689,TYPE_2,7,30508
39690,TYPE_1,3,30508
39691,TYPE_2,7,30509
39692,TYPE_2,7,30510
39693,TYPE_1,3,30510
39694,TYPE_2,7,30511
39695,TYPE_1,3,30511
39696,TYPE_1,3,30509
39697,TYPE_2,7,30512
39698,TYPE_1,3,30512
39699,TYPE_1,3,30513
39700,TYPE_2,7,30513
39701,TYPE_2,7,30515
39702,TYPE_2,7,30514
39703,TYPE_1,3,30514
39704,TYPE_1,3,30515
39705,TYPE_2,7,30516
39706,TYPE_2,7,30517
39707,TYPE_1,3,30516
39708,TYPE_1,3,30517
39709,TYPE_1,3,30518
39710,TYPE_2,7,30518
39711,TYPE_2,7,30519
39712,TYPE_1,3,30519
39713,TYPE_2,7,30521
39714,TYPE_1,3,30521
39715,TYPE_1,3,30520
39716,TYPE_2,7,30520
39717,TYPE_2,7,30522
39718,TYPE_1,3,30522
39719,TYPE_2,7,30524
39720,TYPE_1,3,30524
39721,TYPE_1,3,30523
39722,TYPE_2,7,30523
39723,TYPE_2,7,30525
39724,TYPE_1,3,30525
39725,TYPE_2,7,30527
39726,TYPE_1,3,30527
39727,TYPE_2,7,30526
39728,TYPE_1,3,30526
39729,TYPE_2,7,30528
39730,TYPE_1,3,30528
39731,TYPE_2,7,30529
39732,TYPE_1,3,30529
39733,TYPE_2,7,30530
39734,TYPE_1,3,30530
39735,TYPE_2,7,30531
39736,TYPE_1,3,30531
39737,TYPE_2,7,30533
39738,TYPE_1,3,30533
39739,TYPE_2,7,30532
39740,TYPE_1,3,30532
39741,TYPE_2,7,30535
39742,TYPE_1,3,30535
39743,TYPE_2,7,30534
39744,TYPE_1,3,30534
39745,TYPE_2,7,30536
39746,TYPE_1,3,30536
39747,TYPE_2,7,30537
39748,TYPE_1,3,30537
39749,TYPE_2,7,30538
39750,TYPE_1,3,30538
39751,TYPE_2,7,30542
39752,TYPE_1,3,30542
39753,TYPE_1,3,30541
39754,TYPE_2,7,30541
39755,TYPE_1,3,30540
39756,TYPE_2,7,30539
39757,TYPE_2,7,30543
39758,TYPE_1,3,30539
39759,TYPE_2,7,30540
39760,TYPE_1,3,30543
39761,TYPE_2,7,30544
39762,TYPE_1,3,30546
39763,TYPE_2,7,30546
39764,TYPE_1,3,30545
39765,TYPE_1,3,30544
39766,TYPE_2,7,30545
39767,TYPE_1,3,30549
39768,TYPE_2,7,30558
39769,TYPE_1,3,30558
39770,TYPE_2,7,30559
39771,TYPE_2,7,30555
39772,TYPE_2,7,30547
39773,TYPE_1,3,30547
39774,TYPE_1,3,30556
39775,TYPE_2,7,30548
39776,TYPE_2,7,30550
39777,TYPE_1,3,30550
39778,TYPE_1,3,30548
39779,TYPE_2,7,30553
39780,TYPE_1,3,30553
39781,TYPE_2,7,30554
39782,TYPE_1,3,30554
39783,TYPE_1,3,30559
39784,TYPE_1,3,30552
39785,TYPE_1,3,30557
39786,TYPE_2,7,30549
39787,TYPE_2,7,30556
39788,TYPE_1,3,30551
39789,TYPE_1,3,30555
39790,TYPE_2,7,30552
39791,TYPE_2,7,30557
39792,TYPE_2,7,30551
39793,TYPE_1,3,30575
39794,TYPE_1,3,30566
39795,TYPE_2,7,30570
39796,TYPE_1,3,30570
39797,TYPE_2,7,30567
39798,TYPE_1,3,30567
39799,TYPE_2,7,30569
39800,TYPE_1,3,30569
39801,TYPE_2,7,30561
39802,TYPE_1,3,30561
39803,TYPE_2,7,30564
39804,TYPE_1,3,30565
39805,TYPE_2,7,30565
39806,TYPE_2,7,30560
39807,TYPE_1,3,30560
39808,TYPE_1,3,30563
39809,TYPE_2,7,30573
39810,TYPE_1,3,30580
39811,TYPE_2,7,30585
39812,TYPE_2,7,30582
39813,TYPE_1,3,30585
39814,TYPE_1,3,30564
39815,TYPE_1,3,30582
39816,TYPE_2,7,30575
39817,TYPE_2,7,30568
39818,TYPE_1,3,30568
39819,TYPE_2,7,30562
39820,TYPE_2,7,30587
39821,TYPE_2,7,30574
39822,TYPE_1,3,30573
39823,TYPE_2,7,30580
39824,TYPE_1,3,30562
39825,TYPE_1,3,30587
39826,TYPE_1,3,30583
39827,TYPE_2,7,30578
39828,TYPE_2,7,30583
39829,TYPE_2,7,30572
39830,TYPE_1,3,30572
39831,TYPE_1,3,30581
39832,TYPE_2,7,30579
39833,TYPE_1,3,30574
39834,TYPE_1,3,30579
39835,TYPE_2,7,30576
39836,TYPE_2,7,30586
39837,TYPE_1,3,30586
39838,TYPE_2,7,30584
39839,TYPE_2,7,30577
39840,TYPE_1,3,30578
39841,TYPE_1,3,30577
39842,TYPE_2,7,30566
39843,TYPE_2,7,30563
39844,TYPE_1,3,30571
39845,TYPE_2,7,30571
39846,TYPE_1,3,30592
39847,TYPE_1,3,30595
39848,TYPE_2,7,30589
39849,TYPE_2,7,30593
39850,TYPE_2,7,30591
39851,TYPE_1,3,30591
39852,TYPE_1,3,30589
39853,TYPE_1,3,30596
39854,TYPE_2,7,30596
39855,TYPE_2,7,30590
39856,TYPE_2,7,30592
39857,TYPE_2,7,30595
39858,TYPE_1,3,30588
39859,TYPE_2,7,30597
39860,TYPE_2,7,30602
39861,TYPE_1,3,30602
39862,TYPE_2,7,30601
39863,TYPE_1,3,30598
39864,TYPE_2,7,30599
39865,TYPE_1,3,30601
39866,TYPE_1,3,30599
39867,TYPE_2,7,30598
39868,TYPE_2,7,30600
39869,TYPE_1,3,30606
39870,TYPE_2,7,30605
39871,TYPE_1,3,30605
39872,TYPE_2,7,30604
39873,TYPE_1,3,30603
39874,TYPE_2,7,30603
39875,TYPE_2,7,30607
39876,TYPE_1,3,30607
39877,TYPE_2,7,30606
39878,TYPE_1,3,30604
39879,TYPE_2,7,30581
39880,TYPE_1,3,30593
39881,TYPE_1,3,30600
39882,TYPE_1,3,30576
39883,TYPE_1,3,30584
39884,TYPE_1,3,30590
39885,TYPE_1,3,30594
39886,TYPE_2,7,30594
39887,TYPE_1,3,30597
39888,TYPE_2,7,30588
39889,TYPE_2,7,30608
39890,TYPE_1,3,30608
39891,TYPE_2,7,30609
39892,TYPE_1,3,30609
39893,TYPE_2,7,30610
39894,TYPE_1,3,30610
39895,TYPE_2,7,30611
39896,TYPE_1,3,30611
39897,TYPE_2,7,30612
39898,TYPE_1,3,30612
39899,TYPE_2,7,30613
39900,TYPE_1,3,30613
39901,TYPE_2,7,30614
39902,TYPE_1,3,30614
39903,TYPE_2,7,30615
39904,TYPE_1,3,30615
39905,TYPE_2,7,30616
39906,TYPE_1,3,30616
39907,TYPE_2,7,30617
39908,TYPE_1,3,30617
39909,TYPE_2,7,30618
39910,TYPE_1,3,30618
39911,TYPE_2_FAST,22,30619
39912,TYPE_2,7,30620
39913,TYPE_1,3,30620
39914,TYPE_2_FAST,22,30621
39915,TYPE_2,7,30622
39916,TYPE_1,3,30622
39917,TYPE_2_FAST,22,30623
39918,TYPE_2_FAST,22,30624
39919,TYPE_2,7,30625
39920,TYPE_1,3,30625
39921,TYPE_1,3,30626
39922,TYPE_2,7,30626
39923,TYPE_1,3,30627
39924,TYPE_2,7,30627
39925,TYPE_1,3,30628
39926,TYPE_2,7,30628
39927,TYPE_1,3,30629
39928,TYPE_2,7,30629
39929,TYPE_1,3,30630
39930,TYPE_2,7,30630
39931,TYPE_2,7,30631
39932,TYPE_1,3,30631
39933,TYPE_2,7,30632
39934,TYPE_1,3,30632
39935,TYPE_2_FAST,22,30633
39936,TYPE_2,7,30634
39937,TYPE_1,3,30634
39938,TYPE_2_FAST,22,30635
39939,TYPE_2,7,30636
39940,TYPE_1,3,30636
39941,TYPE_2_FAST,22,30637
39942,TYPE_2_FAST,22,30638
39943,TYPE_2,7,30639
39944,TYPE_1,3,30639
39945,TYPE_1,3,30640
39946,TYPE_2,7,30640
39947,TYPE_2_FAST,22,30641
39948,TYPE_2,7,30642
39949,TYPE_1,3,30642
39950,TYPE_2_FAST,22,30643
39951,TYPE_2,7,30644
39952,TYPE_1,3,30644
39953,TYPE_2,7,30645
39954,TYPE_1,3,30645
39955,TYPE_2,7,30646
39956,TYPE_1,3,30646
39957,TYPE_2,7,30647
39958,TYPE_1,3,30647
39959,TYPE_2,7,30648
39960,TYPE_1,3,30648
39961,TYPE_2,7,30649
39962,TYPE_1,3,30649
39963,TYPE_2,7,30650
39964,TYPE_1,3,30650
39965,TYPE_2,7,30651
39966,TYPE_1,3,30651
39967,TYPE_2,7,30652
39968,TYPE_1,3,30652
39969,TYPE_2,7,30653
39970,TYPE_1,3,30653
39971,TYPE_2,7,30654
39972,TYPE_1,3,30654
39973,TYPE_1,3,30655
39974,TYPE_2,7,30655
39975,TYPE_2,7,30656
39976,TYPE_1,3,30656
39977,TYPE_2,7,30657
39978,TYPE_1,3,30657
39979,TYPE_2,7,30658
39980,TYPE_1,3,30658
39981,TYPE_2,7,30659
39982,TYPE_1,3,30659
39983,TYPE_2,7,30660
39984,TYPE_1,3,30660
39985,TYPE_2,7,30661
39986,TYPE_1,3,30661
39987,TYPE_2,7,30662
39988,TYPE_1,3,30662
39989,TYPE_2,7,30663
39990,TYPE_1,3,30663
39991,TYPE_2,7,30664
39992,TYPE_1,3,30664
39993,TYPE_2,7,30665
39994,TYPE_1,3,30665
39995,TYPE_2,7,30666
39996,TYPE_1,3,30666
39997,TYPE_2,7,30667
39998,TYPE_1,3,30667
39999,TYPE_2,7,30668
40000,TYPE_1,3,30668
40001,TYPE_2,7,30669
40002,TYPE_1,3,30669
40003,TYPE_2,7,30670
40004,TYPE_1,3,30670
40005,TYPE_2,7,30671
40006,TYPE_1,3,30671
40007,TYPE_2,7,30672
40008,TYPE_1,3,30672
40009,TYPE_2,7,30673
40010,TYPE_1,3,30673
40011,TYPE_2,7,30674
40012,TYPE_1,3,30674
40013,TYPE_2,7,30675
40014,TYPE_1,3,30675
40015,TYPE_2,7,30676
40016,TYPE_1,3,30676
40017,TYPE_2,7,30677
40018,TYPE_1,3,30677
40019,TYPE_2,7,30678
40020,TYPE_1,3,30678
40021,TYPE_2,7,30679
40022,TYPE_1,3,30679
40023,TYPE_2,7,30680
40024,TYPE_1,3,30680
40025,TYPE_2,7,30681
40026,TYPE_1,3,30681
40027,TYPE_2,7,30682
40028,TYPE_1,3,30682
40029,TYPE_2,7,30683
40030,TYPE_1,3,30683
40031,TYPE_2,7,30684
40032,TYPE_1,3,30684
40033,TYPE_2,7,30685
40034,TYPE_1,3,30685
40035,TYPE_2,7,30686
40036,TYPE_1,3,30686
40037,TYPE_1,3,30687
40038,TYPE_2,7,30687
40039,TYPE_2,7,30688
40040,TYPE_1,3,30688
40041,TYPE_2,7,30689
40042,TYPE_1,3,30689
40043,TYPE_2,7,30690
40044,TYPE_1,3,30690
40045,TYPE_2,7,30691
40046,TYPE_1,3,30691
40047,TYPE_2,7,30692
40048,TYPE_1,3,30692
40049,TYPE_2,7,30693
40050,TYPE_1,3,30693
40051,TYPE_2,7,30694
40052,TYPE_1,3,30694
40053,TYPE_2,7,30695
40054,TYPE_1,3,30695
40055,TYPE_2,7,30696
40056,TYPE_1,3,30696
40057,TYPE_2,7,30697
40058,TYPE_1,3,30697
40059,TYPE_2,7,30698
40060,TYPE_1,3,30698
40061,TYPE_2,7,30699
40062,TYPE_1,3,30699
40063,TYPE_2,7,30700
40064,TYPE_1,3,30700
40065,TYPE_1,3,30701
40066,TYPE_2,7,30701
40067,TYPE_2,7,30702
40068,TYPE_1,3,30702
40069,TYPE_2,7,30703
40070,TYPE_1,3,30703
40071,TYPE_2,7,30704
40072,TYPE_1,3,30704
40073,TYPE_2,7,30705
40074,TYPE_1,3,30705
40075,TYPE_2,7,30706
40076,TYPE_1,3,30706
40077,TYPE_2,7,30707
40078,TYPE_1,3,30707
40079,TYPE_2,7,30708
40080,TYPE_1,3,30708
40081,TYPE_2,7,30709
40082,TYPE_1,3,30709
40083,TYPE_2,7,30710
40084,TYPE_1,3,30710
40085,TYPE_2,7,30711
40086,TYPE_1,3,30711
40087,TYPE_2,7,30712
40088,TYPE_1,3,30712
40089,TYPE_2,7,30713
40090,TYPE_1,3,30713
40091,TYPE_2,7,30714
40092,TYPE_1,3,30714
40093,TYPE_2,7,30715
40094,TYPE_1,3,30715
40095,TYPE_2,7,30716
40096,TYPE_1,3,30716
40097,TYPE_2,7,30717
40098,TYPE_1,3,30717
40099,TYPE_2_FAST,22,30718
40100,TYPE_2,7,30719
40101,TYPE_1,3,30719
40102,TYPE_2,7,30720
40103,TYPE_1,3,30720
40104,TYPE_2,7,30721
40105,TYPE_1,3,30721
40106,TYPE_2,7,30722
40107,TYPE_1,3,30722
40108,TYPE_2,7,30723
40109,TYPE_1,3,30723
40110,TYPE_2,7,30724
40111,TYPE_1,3,30724
40112,TYPE_2,7,30725
40113,TYPE_1,3,30725
40114,TYPE_2,7,30726
40115,TYPE_1,3,30726
40116,TYPE_2,7,30727
40117,TYPE_1,3,30727
40118,TYPE_2,7,30728
40119,TYPE_1,3,30728
40120,TYPE_2,7,30729
40121,TYPE_1,3,30729
40122,TYPE_2,7,30730
40123,TYPE_1,3,30730
40124,TYPE_2,7,30731
40125,TYPE_1,3,30731
40126,TYPE_2,7,30732
40127,TYPE_1,3,30732
40128,TYPE_1,3,30733
40129,TYPE_2,7,30733
40130,TYPE_2,7,30736
40131,TYPE_1,3,30736
40132,TYPE_2_FAST,22,30734
40133,TYPE_2,7,30735
40134,TYPE_1,3,30735
40135,TYPE_2,7,30737
40136,TYPE_1,3,30737
40137,TYPE_2,7,30738
40138,TYPE_1,3,30738
40139,TYPE_1,3,30739
40140,TYPE_2,7,30739
40141,TYPE_2,7,30740
40142,TYPE_1,3,30740
40143,TYPE_2,7,30741
40144,TYPE_1,3,30741
40145,TYPE_2,7,30742
40146,TYPE_1,3,30742
40147,TYPE_1,3,30743
40148,TYPE_2,7,30743
40149,TYPE_2,7,30744
40150,TYPE_1,3,30744
40151,TYPE_2,7,30745
40152,TYPE_1,3,30745
40153,TYPE_2,7,30746
40154,TYPE_1,3,30746
40155,TYPE_2,7,30747
40156,TYPE_1,3,30747
40157,TYPE_2,7,30748
40158,TYPE_1,3,30748
40159,TYPE_2,7,30749
40160,TYPE_1,3,30749
40161,TYPE_2,7,30750
40162,TYPE_1,3,30750
40163,TYPE_2,7,30751
40164,TYPE_1,3,30751
40165,TYPE_2,7,30752
40166,TYPE_1,3,30752
40167,TYPE_2,7,30753
40168,TYPE_1,3,30753
40169,TYPE_2,7,30754
40170,TYPE_1,3,30754
40171,TYPE_2,7,30755
40172,TYPE_1,3,30755
40173,TYPE_2,7,30756
40174,TYPE_1,3,30756
40175,TYPE_2,7,30757
40176,TYPE_1,3,30757
40177,TYPE_2,7,30758
40178,TYPE_1,3,30758
40179,TYPE_2,7,30759
40180,TYPE_1,3,30759
40181,TYPE_2,7,30760
40182,TYPE_1,3,30760
40183,TYPE_2,7,30761
40184,TYPE_1,3,30761
40185,TYPE_2,7,30762
40186,TYPE_1,3,30762
40187,TYPE_2,7,30763
40188,TYPE_1,3,30763
40189,TYPE_1,3,30764
40190,TYPE_2,7,30764
40191,TYPE_2,7,30765
40192,TYPE_1,3,30765
40193,TYPE_1,3,30766
40194,TYPE_2,7,30766
40195,TYPE_1,3,30767
40196,TYPE_2,7,30767
40197,TYPE_2,7,30768
40198,TYPE_1,3,30768
40199,TYPE_2,7,30769
40200,TYPE_1,3,30769
40201,TYPE_1,3,30770
40202,TYPE_2,7,30770
40203,TYPE_2,7,30771
40204,TYPE_1,3,30771
40205,TYPE_2,7,30772
40206,TYPE_1,3,30772
40207,TYPE_1,3,30773
40208,TYPE_2,7,30773
40209,TYPE_2,7,30774
40210,TYPE_1,3,30774
40211,TYPE_2,7,30775
40212,TYPE_1,3,30775
40213,TYPE_1,3,30776
40214,TYPE_2,7,30776
40215,TYPE_2,7,30777
40216,TYPE_1,3,30777
40217,TYPE_2,7,30778
40218,TYPE_1,3,30778
40219,TYPE_1,3,30779
40220,TYPE_2,7,30779
40221,TYPE_1,3,30780
40222,TYPE_2,7,30780
40223,TYPE_2,7,30781
40224,TYPE_1,3,30781
40225,TYPE_2,7,30782
40226,TYPE_1,3,30782
40227,TYPE_2_FAST,22,30783
40228,TYPE_2,7,30784
40229,TYPE_1,3,30784
40230,TYPE_2,7,30785
40231,TYPE_1,3,30785
40232,TYPE_2_FAST,22,30786
40233,TYPE_2,7,30787
40234,TYPE_1,3,30787
40235,TYPE_2_FAST,22,30788
40236,TYPE_2_FAST,22,30789
40237,TYPE_1,3,30790
40238,TYPE_2,7,30790
40239,TYPE_2_FAST,22,30791
40240,TYPE_2,7,30792
40241,TYPE_1,3,30792
40242,TYPE_2_FAST,22,30793
40243,TYPE_2_FAST,22,30794
40244,TYPE_1,3,30795
40245,TYPE_2,7,30795
40246,TYPE_2,7,30796
40247,TYPE_1,3,30796
40248,TYPE_2,7,30797
40249,TYPE_1,3,30797
40250,TYPE_2_FAST,22,30798
40251,TYPE_2,7,30799
40252,TYPE_1,3,30799
40253,TYPE_2,7,30800
40254,TYPE_1,3,30800
40255,TYPE_2,7,30801
40256,TYPE_1,3,30801
40257,TYPE_2,7,30802
40258,TYPE_1,3,30802
40259,TYPE_2,7,30803
40260,TYPE_1,3,30803
40261,TYPE_2,7,30804
40262,TYPE_1,3,30804
40263,TYPE_2,7,30805
40264,TYPE_1,3,30805
40265,TYPE_2,7,30806
40266,TYPE_1,3,30806
40267,TYPE_1,3,30807
40268,TYPE_2,7,30807
40269,TYPE_1,3,30808
40270,TYPE_2,7,30808
40271,TYPE_2,7,30809
40272,TYPE_1,3,30809
40273,TYPE_1,3,30810
40274,TYPE_2,7,30810
40275,TYPE_2,7,30811
40276,TYPE_1,3,30811
40277,TYPE_2,7,30812
40278,TYPE_1,3,30812
40279,TYPE_2,7,30813
40280,TYPE_1,3,30813
40281,TYPE_2,7,30814
40282,TYPE_1,3,30814
40283,TYPE_2,7,30815
40284,TYPE_1,3,30815
40285,TYPE_2,7,30816
40286,TYPE_1,3,30816
40287,TYPE_2,7,30817
40288,TYPE_1,3,30817
40289,TYPE_2,7,30818
40290,TYPE_1,3,30818
40291,TYPE_2,7,30819
40292,TYPE_1,3,30819
40293,TYPE_2,7,30820
40294,TYPE_1,3,30820
40295,TYPE_2,7,30821
40296,TYPE_1,3,30821
40297,TYPE_2,7,30822
40298,TYPE_1,3,30822
40299,TYPE_2,7,30823
40300,TYPE_1,3,30823
40301,TYPE_2,7,30824
40302,TYPE_1,3,30824
40303,TYPE_1,3,30825
40304,TYPE_2,7,30825
40305,TYPE_1,3,30826
40306,TYPE_2,7,30826
40307,TYPE_2,7,30827
40308,TYPE_1,3,30827
40309,TYPE_2,7,30828
40310,TYPE_1,3,30828
40311,TYPE_1,3,30829
40312,TYPE_2,7,30829
40313,TYPE_2,7,30830
40314,TYPE_1,3,30830
40315,TYPE_2,7,30831
40316,TYPE_1,3,30831
40317,TYPE_2,7,30832
40318,TYPE_1,3,30832
40319,TYPE_2,7,30833
40320,TYPE_1,3,30833
40321,TYPE_2,7,30834
40322,TYPE_1,3,30834
40323,TYPE_2,7,30835
40324,TYPE_1,3,30835
40325,TYPE_2,7,30836
40326,TYPE_1,3,30836
40327,TYPE_2,7,30837
40328,TYPE_1,3,30837
40329,TYPE_2,7,30838
40330,TYPE_1,3,30838
40331,TYPE_2,7,30839
40332,TYPE_1,3,30839
40333,TYPE_2,7,30840
40334,TYPE_1,3,30840
40335,TYPE_2,7,30841
40336,TYPE_1,3,30841
40337,TYPE_2,7,30842
40338,TYPE_1,3,30842
40339,TYPE_2,7,30843
40340,TYPE_1,3,30843
40341,TYPE_2,7,30844
40342,TYPE_1,3,30844
40343,TYPE_2,7,30845
40344,TYPE_1,3,30845
40345,TYPE_2,7,30846
40346,TYPE_1,3,30846
40347,TYPE_2,7,30847
40348,TYPE_1,3,30847
40349,TYPE_2,7,30848
40350,TYPE_1,3,30848
40351,TYPE_2,7,30849
40352,TYPE_1,3,30849
40353,TYPE_2,7,30850
40354,TYPE_1,3,30850
40355,TYPE_2,7,30851
40356,TYPE_1,3,30851
40357,TYPE_2,7,30852
40358,TYPE_1,3,30852
40359,TYPE_2,7,30853
40360,TYPE_1,3,30853
40361,TYPE_2,7,30854
40362,TYPE_1,3,30854
40363,TYPE_2,7,30855
40364,TYPE_1,3,30855
40365,TYPE_2,7,30856
40366,TYPE_1,3,30856
40367,TYPE_2,7,30857
40368,TYPE_1,3,30857
40369,TYPE_1,3,30858
40370,TYPE_2,7,30858
40371,TYPE_2,7,30859
40372,TYPE_1,3,30859
40373,TYPE_2,7,30860
40374,TYPE_1,3,30860
40375,TYPE_2,7,30861
40376,TYPE_1,3,30861
40377,TYPE_2,7,30862
40378,TYPE_1,3,30862
40379,TYPE_2,7,30863
40380,TYPE_1,3,30863
40381,TYPE_2_FAST,22,30864
40382,TYPE_2_FAST,22,30865
40383,TYPE_2,7,30866
40384,TYPE_1,3,30866
40385,TYPE_2,7,30867
40386,TYPE_1,3,30867
40387,TYPE_2_FAST,22,30868
40388,TYPE_2_FAST,22,30869
40389,TYPE_2,7,30870
40390,TYPE_1,3,30870
40391,TYPE_2,7,30871
40392,TYPE_1,3,30871
40393,TYPE_2,7,30872
40394,TYPE_1,3,30872
40395,TYPE_2,7,30873
40396,TYPE_1,3,30873
40397,TYPE_2_FAST,22,30874
40398,TYPE_2,7,30875
40399,TYPE_1,3,30875
40400,TYPE_2,7,30876
40401,TYPE_1,3,30876
40402,TYPE_2_FAST,22,30877
40403,TYPE_2,7,30878
40404,TYPE_1,3,30878
40405,TYPE_2,7,30879
40406,TYPE_1,3,30879
40407,TYPE_2_FAST,22,30880
40408,TYPE_2,7,30881
40409,TYPE_1,3,30881
40410,TYPE_2,7,30882
40411,TYPE_1,3,30882
40412,TYPE_2,7,30883
40413,TYPE_1,3,30883
40414,TYPE_2,7,30884
40415,TYPE_1,3,30884
40416,TYPE_2,7,30885
40417,TYPE_1,3,30885
40418,TYPE_2,7,30886
40419,TYPE_1,3,30886
40420,TYPE_2,7,30887
40421,TYPE_1,3,30887
40422,TYPE_2,7,30888
40423,TYPE_1,3,30888
40424,TYPE_2,7,30889
40425,TYPE_1,3,30889
40426,TYPE_2,7,30890
40427,TYPE_1,3,30890
40428,TYPE_2,7,30891
40429,TYPE_1,3,30891
40430,TYPE_2,7,30892
40431,TYPE_1,3,30892
40432,TYPE_2,7,30893
40433,TYPE_1,3,30893
40434,TYPE_2,7,30894
40435,TYPE_1,3,30894
40436,TYPE_2_FAST,22,30895
40437,TYPE_2,7,30896
40438,TYPE_1,3,30896
40439,TYPE_2,7,30897
40440,TYPE_1,3,30897
40441,TYPE_2,7,30898
40442,TYPE_1,3,30898
40443,TYPE_2,7,30899
40444,TYPE_1,3,30899
40445,TYPE_2,7,30900
40446,TYPE_1,3,30900
40447,TYPE_2,7,30901
40448,TYPE_1,3,30901
40449,TYPE_2,7,30902
40450,TYPE_1,3,30902
40451,TYPE_2,7,30903
40452,TYPE_1,3,30903
40453,TYPE_2,7,30904
40454,TYPE_1,3,30904
40455,TYPE_2,7,30905
40456,TYPE_1,3,30905
40457,TYPE_2,7,30906
40458,TYPE_1,3,30906
40459,TYPE_2,7,30907
40460,TYPE_1,3,30907
40461,TYPE_2,7,30908
40462,TYPE_1,3,30908
40463,TYPE_2,7,30909
40464,TYPE_1,3,30909
40465,TYPE_2,7,30910
40466,TYPE_1,3,30910
40467,TYPE_2,7,30911
40468,TYPE_1,3,30911
40469,TYPE_2,7,30912
40470,TYPE_1,3,30912
40471,TYPE_2,7,30913
40472,TYPE_1,3,30913
40473,TYPE_2,7,30914
40474,TYPE_1,3,30914
40475,TYPE_2,7,30915
40476,TYPE_1,3,30915
40477,TYPE_2,7,30916
40478,TYPE_1,3,30916
40479,TYPE_2,7,30917
40480,TYPE_1,3,30917
40481,TYPE_2,7,30918
40482,TYPE_1,3,30918
40483,TYPE_2,7,30919
40484,TYPE_1,3,30919
40485,TYPE_2,7,30920
40486,TYPE_1,3,30920
40487,TYPE_2,7,30921
40488,TYPE_1,3,30921
40489,TYPE_2,7,30922
40490,TYPE_1,3,30922
40491,TYPE_2,7,30923
40492,TYPE_1,3,30923
40493,TYPE_2,7,30924
40494,TYPE_1,3,30924
40495,TYPE_2,7,30925
40496,TYPE_1,3,30925
40497,TYPE_2,7,30926
40498,TYPE_1,3,30926
40499,TYPE_2,7,30927
40500,TYPE_1,3,30927
40501,TYPE_2,7,30928
40502,TYPE_1,3,30928
40503,TYPE_2,7,30929
40504,TYPE_1,3,30929
40505,TYPE_2,7,30930
40506,TYPE_1,3,30930
40507,TYPE_2,7,30931
40508,TYPE_1,3,30931
40509,TYPE_2,7,30932
40510,TYPE_1,3,30932
40511,TYPE_2,7,30933
40512,TYPE_1,3,30933
40513,TYPE_2,7,30934
40514,TYPE_1,3,30934
40515,TYPE_2_FAST,22,30935
40516,TYPE_2,7,30936
40517,TYPE_1,3,30936
40518,TYPE_2,7,30937
40519,TYPE_1,3,30937
40520,TYPE_2_FAST,22,30938
40521,TYPE_2,7,30939
40522,TYPE_1,3,30939
40523,TYPE_2,7,30940
40524,TYPE_1,3,30940
40525,TYPE_2_FAST,22,30941
40526,TYPE_2,7,30942
40527,TYPE_1,3,30942
40528,TYPE_2,7,30943
40529,TYPE_1,3,30943
40530,TYPE_2_FAST,22,30944
40531,TYPE_2_FAST,22,30945
40532,TYPE_2,7,30946
40533,TYPE_1,3,30946
40534,TYPE_2,7,30947
40535,TYPE_1,3,30947
40536,TYPE_2_FAST,22,30948
40537,TYPE_2_FAST,22,30949
40538,TYPE_2,7,30950
40539,TYPE_1,3,30950
40540,TYPE_2,7,30951
40541,TYPE_1,3,30951
40542,TYPE_2,7,30952
40543,TYPE_1,3,30952
40544,TYPE_2,7,30953
40545,TYPE_1,3,30953
40546,TYPE_2,7,30954
40547,TYPE_1,3,30954
40548,TYPE_2,7,30955
40549,TYPE_1,3,30955
40550,TYPE_2,7,30956
40551,TYPE_1,3,30956
40552,TYPE_2,7,30957
40553,TYPE_1,3,30957
40554,TYPE_2,7,30958
40555,TYPE_1,3,30958
40556,TYPE_2,7,30959
40557,TYPE_1,3,30959
40558,TYPE_2,7,30960
40559,TYPE_1,3,30960
40560,TYPE_2,7,30961
40561,TYPE_1,3,30961
40562,TYPE_2,7,30962
40563,TYPE_1,3,30962
40564,TYPE_2,7,30963
40565,TYPE_1,3,30963
40566,TYPE_2,7,30964
40567,TYPE_1,3,30964
40568,TYPE_2,7,30965
40569,TYPE_1,3,30965
40570,TYPE_2,7,30966
40571,TYPE_1,3,30966
40572,TYPE_2,7,30967
40573,TYPE_1,3,30967
40574,TYPE_2,7,30968
40575,TYPE_1,3,30968
40576,TYPE_2,7,30969
40577,TYPE_1,3,30969
40578,TYPE_2,7,30970
40579,TYPE_1,3,30970
40580,TYPE_2,7,30971
40581,TYPE_1,3,30971
40582,TYPE_2,7,30972
40583,TYPE_1,3,30972
40584,TYPE_2,7,30973
40585,TYPE_1,3,30973
40586,TYPE_2,7,30974
40587,TYPE_1,3,30974
40588,TYPE_2,7,30975
40589,TYPE_1,3,30975
40590,TYPE_2,7,30976
40591,TYPE_1,3,30976
40592,TYPE_2,7,30977
40593,TYPE_1,3,30977
40594,TYPE_2,7,30978
40595,TYPE_1,3,30978
40596,TYPE_2,7,30979
40597,TYPE_1,3,30979
40598,TYPE_2,7,30980
40599,TYPE_1,3,30980
40600,TYPE_2,7,30981
40601,TYPE_1,3,30981
40602,TYPE_2,7,30982
40603,TYPE_1,3,30982
40604,TYPE_2,7,30983
40605,TYPE_1,3,30983
40606,TYPE_2,7,30984
40607,TYPE_1,3,30984
40608,TYPE_2,7,30985
40609,TYPE_1,3,30985
40610,TYPE_2,7,30986
40611,TYPE_1,3,30986
40612,TYPE_2,7,30987
40613,TYPE_1,3,30987
40614,TYPE_2_FAST,22,30988
40615,TYPE_2,7,30989
40616,TYPE_1,3,30989
40617,TYPE_2,7,30990
40618,TYPE_1,3,30990
40619,TYPE_2,7,30991
40620,TYPE_1,3,30991
40621,TYPE_2,7,30992
40622,TYPE_1,3,30992
40623,TYPE_2,7,30993
40624,TYPE_1,3,30993
40625,TYPE_2,7,30994
40626,TYPE_1,3,30994
40627,TYPE_2,7,30995
40628,TYPE_1,3,30995
40629,TYPE_2,7,30996
40630,TYPE_1,3,30996
40631,TYPE_2,7,30997
40632,TYPE_1,3,30997
40633,TYPE_2,7,30998
40634,TYPE_1,3,30998
40635,TYPE_2,7,30999
40636,TYPE_1,3,30999
40637,TYPE_2_FAST,22,31000
40638,TYPE_2_FAST,22,31001
40639,TYPE_2,7,31002
40640,TYPE_1,3,31002
40641,TYPE_2,7,31003
40642,TYPE_1,3,31003
40643,TYPE_2,7,31004
40644,TYPE_1,3,31004
40645,TYPE_2,7,31005
40646,TYPE_1,3,31005
40647,DC_COMBO_TYPE_2,50,31006
40648,TYPE_2,43,31006
40649,CHADEMO,50,31006
40650,TYPE_2,7,31007
40651,TYPE_1,3,31007
40652,TYPE_1,3,31008
40653,TYPE_2,7,31008
40654,TYPE_2,7,31009
40655,TYPE_1,3,31009
40656,TYPE_2,7,31010
40657,TYPE_1,3,31010
40658,TYPE_2,7,31011
40659,TYPE_1,3,31011
40660,TYPE_2,7,31012
40661,TYPE_1,3,31012
40662,TYPE_2,7,31013
40663,TYPE_1,3,31013
40664,TYPE_2,7.2,31014
40665,THREE_PIN_SQUARE,3,31015
40666,TYPE_2,7.2,31015
40667,TYPE_2,7.2,31016
40668,TYPE_2,7.2,31016
40669,THREE_PIN_SQUARE,3,31017
40670,TYPE_2,7.2,31017
40671,DC_COMBO_TYPE_2,50,31018
40672,TYPE_2,43,31018
40673,CHADEMO,50,31018
40674,DC_COMBO_TYPE_2,50,31019
40675,TYPE_2,43,31019
40676,CHADEMO,50,31019
40677,DC_COMBO_TYPE_2,50,31020
40678,CHADEMO,50,31020
40679,TYPE_2,43,31020
40680,DC_COMBO_TYPE_2,50,31021
40681,CHADEMO,50,31021
40682,TYPE_2,43,31021
40683,DC_COMBO_TYPE_2,50,31022
40684,CHADEMO,50,31022
40685,TYPE_2,43,31022
40686,DC_COMBO_TYPE_2,50,31023
40687,CHADEMO,50,31023
40688,TYPE_2,43,31023
40689,TYPE_2,7,31024
40690,TYPE_1,3,31024
40691,TYPE_2,7,31025
40692,TYPE_1,3,31025
40693,TYPE_2,7,31026
40694,TYPE_1,3,31026
40695,TYPE_2,7,31027
40696,TYPE_1,3,31027
40697,TYPE_2,7,31028
40698,TYPE_1,3,31028
40699,TYPE_2,7,31029
40700,TYPE_1,3,31029
40701,TYPE_2,7,31030
40702,TYPE_1,3,31030
40703,TYPE_2,7,31031
40704,TYPE_1,3,31031
40705,TYPE_2,7,31032
40706,TYPE_1,3,31032
40707,TYPE_2,7,31033
40708,TYPE_1,3,31033
40709,TYPE_2,7,31034
40710,TYPE_1,3,31034
40711,TYPE_2,7,31035
40712,TYPE_1,3,31035
40713,DC_COMBO_TYPE_2,50,31036
40714,TYPE_2,43,31036
40715,CHADEMO,50,31036
40716,DC_COMBO_TYPE_2,50,31037
40717,CHADEMO,50,31037
40718,TYPE_2,43,31037
40719,DC_COMBO_TYPE_2,50,31038
40720,CHADEMO,50,31038
40721,TYPE_2,43,31038
40722,TYPE_2,7.2,31039
40723,TYPE_2,7.2,31039
40724,TYPE_2,7,31040
40725,TYPE_2,7,31041
40726,TYPE_1,3,31041
40727,TYPE_2,7,31042
40728,TYPE_1,3,31042
40729,TYPE_2,7,31043
40730,TYPE_1,3,31043
40731,TYPE_2,7.2,31044
40732,TYPE_2,7.2,31044
40733,TYPE_2,7.2,31045
40734,TYPE_2,7.2,31045
40735,TYPE_2,7.2,31046
40736,TYPE_2,7.2,31046
40737,TYPE_2,7,31047
40738,TYPE_1,3,31047
40739,TYPE_2,7,31048
40740,TYPE_1,3,31048
40741,TYPE_2,7,31049
40742,TYPE_1,3,31049
40743,TYPE_2,7,31050
40744,TYPE_1,3,31050
40745,TYPE_2,7,31051
40746,TYPE_1,3,31051
40747,TYPE_2,7,31052
40748,TYPE_1,3,31052
40749,TYPE_2,7,31053
40750,TYPE_1,3,31053
40751,TYPE_2,7.2,31054
40752,TYPE_2,7.2,31054
40753,TYPE_2,3.6,31055
40754,TYPE_2,3.6,31055
40755,TYPE_2,7,31056
40756,TYPE_2,7,31056
40757,TYPE_2,7,31057
40758,TYPE_1,3,31057
40759,TYPE_2,7,31058
40760,TYPE_1,3,31058
40761,TYPE_2_FAST,22,31059
40762,TYPE_2,7.2,31060
40763,TYPE_2,7.2,31060
40764,THREE_PIN_SQUARE,3,31061
40765,TYPE_2,3.6,31061
40766,THREE_PIN_SQUARE,3,31062
40767,THREE_PIN_SQUARE,3,31062
40768,TYPE_2,7.2,31063
40769,TYPE_2,3.7,31064
40770,TYPE_2,7.2,31065
40771,THREE_PIN_SQUARE,3,31066
40772,THREE_PIN_SQUARE,3,31066
40773,TYPE_2,7.2,31067
40774,TYPE_2,7.2,31068
40775,TYPE_2,3.7,31069
40776,TYPE_2,7,31070
40777,TYPE_2,7,31070
40778,TYPE_2,7.2,31071
40779,TYPE_2,7.2,31071
40780,TYPE_2,7.2,31072
40781,TYPE_2,7.2,31073
40782,TYPE_2,7.2,31073
40783,TYPE_2,7.2,31074
40784,TYPE_2,7.2,31074
40785,DC_COMBO_TYPE_2,50,31075
40786,CHADEMO,50,31075
40787,TYPE_2,43,31075
40788,DC_COMBO_TYPE_2,50,31076
40789,CHADEMO,50,31076
40790,TYPE_2,43,31076
40791,TYPE_2,7.2,31077
40792,TYPE_2,7.2,31078
40793,THREE_PIN_SQUARE,3,31079
40794,TYPE_2,7.2,31079
40795,TYPE_2,7.2,31080
40796,TYPE_2,7.2,31081
40797,TYPE_2,7.2,31082
40798,TYPE_2,7.2,31083
40799,TYPE_2,7.2,31084
40800,TYPE_2,7.2,31085
40801,TYPE_2,7.2,31086
40802,TYPE_2,7.2,31087
40803,TYPE_2,7.2,31088
40804,TYPE_2,7.2,31089
40805,TYPE_2,7.2,31090
40806,TYPE_2,7.2,31091
40807,TYPE_2,7.2,31092
40808,TYPE_2,7.2,31093
40809,TYPE_2,7.2,31094
40810,TYPE_2,7.2,31095
40811,TYPE_2,7.2,31096
40812,TYPE_2,7.2,31097
40813,TYPE_2,7.2,31098
40814,TYPE_2,7.2,31099
40815,TYPE_2,7.2,31100
40816,TYPE_2,7.2,31101
40817,TYPE_2,7.2,31102
40818,TYPE_2,7.2,31103
40819,TYPE_2,7.2,31104
40820,TYPE_2,7.2,31105
40821,TYPE_2,7.2,31106
40822,TYPE_2,7.2,31107
40823,TYPE_2,7.2,31108
40824,TYPE_2,7.2,31109
40825,TYPE_2,7.2,31110
40826,TYPE_2,7.2,31111
40827,TYPE_2,7.2,31112
40828,TYPE_2,7.2,31113
40829,TYPE_2,7.2,31114
40830,TYPE_2,7.2,31115
40831,TYPE_2,7.2,31116
40832,TYPE_2,7.2,31117
40833,TYPE_2,7.2,31117
40834,TYPE_2,7.2,31118
40835,TYPE_2,7.2,31118
40836,TYPE_2,3.6,31119
40837,TYPE_2,3.6,31119
40838,TYPE_2,3.6,31120
40839,TYPE_2,3.6,31120
40840,TYPE_2,7,27006
40841,TYPE_2,7,27006
40842,TYPE_2,7.2,31121
40843,TYPE_2,7.2,31121
40844,TYPE_2,7,31122
40845,TYPE_1,3,31122
40846,TYPE_2,7,31123
40847,TYPE_1,3,31123
40848,TYPE_2,7,31124
40849,TYPE_1,3,31124
40850,TYPE_2,7,31125
40851,TYPE_1,3,31125
40852,THREE_PIN_SQUARE,3,31126
40853,TYPE_2,7.2,31126
40854,TYPE_2,7,31127
40855,TYPE_1,3,31127
40856,TYPE_2,7,31128
40857,TYPE_1,3,31128
40858,TYPE_2,7.2,31129
40859,TYPE_2,7.2,31129
40860,TYPE_2,7,31130
40861,TYPE_1,3,31130
40862,TYPE_2,7,31131
40863,TYPE_1,3,31131
40864,TYPE_2,7,31132
40865,TYPE_1,3,31132
40866,DC_COMBO_TYPE_2,50,31133
40867,CHADEMO,50,31133
40868,TYPE_2,43,31133
40869,TYPE_2,7.2,31134
40870,TYPE_2,7.2,31134
40871,TYPE_2,7.2,31135
40872,TYPE_2,7.2,31135
40873,TYPE_2,7.2,31136
40874,TYPE_2,7.2,31136
40875,TYPE_2,7.2,31137
40876,TYPE_2,7.2,31137
40877,TYPE_2,7.2,31138
40878,TYPE_2,7.2,31138
40879,TYPE_2,7.2,31139
40880,TYPE_2,7.2,31139
40881,TYPE_2,7.2,31140
40882,TYPE_2,7.2,31140
40883,TYPE_2,7.2,31141
40884,TYPE_2,7.2,31141
40885,TYPE_2,7.2,31142
40886,TYPE_2,7.2,31142
40887,TYPE_2,7.2,31143
40888,TYPE_2,7.2,31143
40889,TYPE_2,7.2,31144
40890,TYPE_2,7.2,31144
40891,TYPE_2,7.2,31145
40892,TYPE_2,7.2,31145
40893,TYPE_2,7.2,31146
40894,TYPE_2,7.2,31146
40895,TYPE_2,7.2,31147
40896,TYPE_2,7.2,31147
40897,TYPE_2,7.2,31148
40898,TYPE_2,7.2,31148
40899,TYPE_2,7.2,31149
40900,TYPE_2,7.2,31149
40901,TYPE_2,7.2,31150
40902,TYPE_2,7.2,31150
40903,TYPE_2,7.2,31151
40904,TYPE_2,7.2,31151
40905,TYPE_2,7.2,31152
40906,TYPE_2,7.2,31152
40907,TYPE_2,7.2,31153
40908,TYPE_2,7.2,31153
40909,TYPE_2,7.2,31154
40910,TYPE_2,7.2,31154
40911,TYPE_2,7.2,31155
40912,TYPE_2,7.2,31155
40913,TYPE_2,7,31156
40914,TYPE_2,7,31156
40915,TYPE_2,7,26916
40916,TYPE_2,7,26916
40917,TYPE_2,7,31157
40918,TYPE_2,7,31157
40919,TYPE_2,7,31158
40920,TYPE_1,3,31158
40921,TYPE_2,7,31159
40922,TYPE_1,3,31159
40923,TYPE_2,7,31160
40924,TYPE_1,3,31160
40925,TYPE_2,7,31161
40926,TYPE_1,3,31161
40927,DC_COMBO_TYPE_2,50,31162
40928,CHADEMO,50,31162
40929,TYPE_2,43,31162
40930,TYPE_2,7,31163
40931,TYPE_1,3,31163
40932,TYPE_2,7,31164
40933,TYPE_1,3,31164
40934,TYPE_2,7,31165
40935,TYPE_1,3,31165
40936,TYPE_2,7,31166
40937,TYPE_1,3,31166
40938,TYPE_2,7,31167
40939,TYPE_1,3,31167
40940,TYPE_2,7,31168
40941,TYPE_1,3,31168
40942,TYPE_2,7,31169
40943,TYPE_1,3,31169
40944,TYPE_2,7,31170
40945,TYPE_1,3,31170
40946,TYPE_2,7,31171
40947,TYPE_1,3,31171
40948,TYPE_2,7,31172
40949,TYPE_1,3,31172
40950,TYPE_2,7,31173
40951,TYPE_1,3,31173
40952,TYPE_2,7,31174
40953,TYPE_1,3,31174
40954,TYPE_2,7,31175
40955,TYPE_1,3,31175
40956,TYPE_2,7,31177
40957,TYPE_1,3,31177
40958,TYPE_2,7,31176
40959,TYPE_1,3,31176
40960,TYPE_2,7,31178
40961,TYPE_1,3,31178
40962,TYPE_2,7,31179
40963,TYPE_1,3,31179
40964,TYPE_1,3,31180
40965,TYPE_2,7,31180
40966,TYPE_2,7,31181
40967,TYPE_1,3,31181
40968,TYPE_2,7,31182
40969,TYPE_1,3,31182
40970,TYPE_2,7,31183
40971,TYPE_1,3,31183
40972,TYPE_2,7,31184
40973,TYPE_1,3,31184
40974,TYPE_2,7,31185
40975,TYPE_1,3,31185
40976,TYPE_2,7,31186
40977,TYPE_1,3,31186
40978,TYPE_2,7,31187
40979,TYPE_1,3,31187
40980,TYPE_2,7,31188
40981,TYPE_1,3,31188
40982,TYPE_2,7,31189
40983,TYPE_1,3,31189
40984,TYPE_2,7,31190
40985,TYPE_1,3,31190
40986,TYPE_2,7,31191
40987,TYPE_1,3,31191
40988,TYPE_2,7,31192
40989,TYPE_1,3,31192
40990,TYPE_2,7,31193
40991,TYPE_1,3,31193
40992,TYPE_2,7,31194
40993,TYPE_1,3,31194
40994,TYPE_2,7,31195
40995,TYPE_1,3,31195
40996,TYPE_2_FAST,22,31196
40997,DC_COMBO_TYPE_2,50,31197
40998,CHADEMO,50,31197
40999,TYPE_2,43,31197
41000,TYPE_2,7,26924
41001,TYPE_2,7,26924
41002,TYPE_2,7,31198
41003,TYPE_2,7,31198
41004,DC_COMBO_TYPE_2,50,31199
41005,CHADEMO,50,31199
41006,TYPE_2,43,31199
41007,DC_COMBO_TYPE_2,50,31200
41008,CHADEMO,50,31200
41009,TYPE_2,43,31200
41010,DC_COMBO_TYPE_2,50,31201
41011,CHADEMO,50,31201
41012,TYPE_2,43,31201
41013,DC_COMBO_TYPE_2,50,31202
41014,CHADEMO,50,31202
41015,TYPE_2,43,31202
41016,TYPE_2,7,31203
41017,TYPE_2,7,31203
41018,DC_COMBO_TYPE_2,50,31204
41019,CHADEMO,50,31204
41020,TYPE_2,43,31204
41021,DC_COMBO_TYPE_2,50,31205
41022,CHADEMO,50,31205
41023,TYPE_2,43,31205
41024,DC_COMBO_TYPE_2,50,31206
41025,CHADEMO,50,31206
41026,TYPE_2,43,31206
41027,TYPE_2,7,31207
41028,TYPE_2,7,31207
41029,TYPE_2,7.2,31208
41030,TYPE_2,7.2,31208
41031,TYPE_2,7,31209
41032,TYPE_1,3,31209
41033,TYPE_2,7,31210
41034,TYPE_1,3,31210
41035,TYPE_2,7,31211
41036,TYPE_1,3,31211
41037,DC_COMBO_TYPE_2,50,31212
41038,CHADEMO,50,31212
41039,TYPE_2,43,31212
41040,DC_COMBO_TYPE_2,50,31213
41041,CHADEMO,50,31213
41042,TYPE_2,43,31213
41043,CHADEMO,50,31214
41044,DC_COMBO_TYPE_2,50,31214
41045,TYPE_2,43,31214
41046,TYPE_1,3,31215
41047,TYPE_2,7,31215
41048,TYPE_2,7,31216
41049,TYPE_1,3,31216
41050,TYPE_2,7,31217
41051,TYPE_1,3,31217
41052,DC_COMBO_TYPE_2,50,31218
41053,CHADEMO,50,31218
41054,TYPE_2,43,31218
41055,TYPE_2,7,31219
41056,TYPE_1,3,31219
41057,TYPE_2,7,31220
41058,TYPE_1,3,31220
41059,TYPE_2,7,31221
41060,TYPE_1,3,31221
41061,TYPE_2,7,31222
41062,TYPE_1,3,31222
41063,TYPE_2_FAST,22,31223
41064,TYPE_2,22,26984
41065,CCS,50,26984
41066,CHADEMO,50,26984
41067,TYPE_2,3.6,31224
41068,TYPE_2,3.6,31224
41069,TYPE_2,3.6,31225
41070,TYPE_2,3.6,31225
41071,DC_COMBO_TYPE_2,50,31226
41072,CHADEMO,50,31226
41073,TYPE_2,43,31226
41074,DC_COMBO_TYPE_2,50,31227
41075,TYPE_2,43,31227
41076,CHADEMO,50,31227
41077,DC_COMBO_TYPE_2,50,31228
41078,TYPE_2,43,31228
41079,CHADEMO,50,31228
41080,TYPE_2,7.2,31229
41081,TYPE_2,7.2,31229
41082,TYPE_2,7,31230
41083,TYPE_2,7,31230
41084,TYPE_2,7.2,31231
41085,TYPE_2,7.2,31231
41086,TYPE_2,7.2,31232
41087,TYPE_2,7.2,31232
41088,TYPE_2,7.2,31233
41089,TYPE_2,7.2,31233
41090,TYPE_2,7.2,31234
41091,TYPE_2,7.2,31234
41092,TYPE_2,7.2,31235
41093,TYPE_2,7.2,31235
41094,TYPE_2,7.2,31236
41095,TYPE_2,7.2,31236
41096,TYPE_2,7.2,31237
41097,TYPE_2,7.2,31237
41098,TYPE_2,7.2,31238
41099,TYPE_2,7.2,31238
41100,TYPE_2,7,31239
41101,TYPE_2,7,31239
41102,DC_COMBO_TYPE_2,50,31240
41103,CHADEMO,50,31240
41104,TYPE_2,43,31240
41105,TYPE_2,7,31241
41106,TYPE_1,3,31241
41107,TYPE_2,7,31242
41108,TYPE_1,3,31242
41109,TYPE_2,7,31243
41110,TYPE_1,3,31243
41111,TYPE_2,7,31244
41112,TYPE_1,3,31244
41113,TYPE_2,7,31245
41114,TYPE_1,3,31245
41115,TYPE_2,7,31246
41116,TYPE_1,3,31246
41117,TYPE_2_FAST,22,31247
41118,TYPE_2,7,31248
41119,TYPE_1,3,31248
41120,TYPE_2,7,31249
41121,TYPE_1,3,31249
41122,TYPE_2,7.2,31250
41123,TYPE_2,7.2,31250
41124,TYPE_2,7,31251
41125,TYPE_2,7,31251
